ID,REVIEW,ADDRESS
1210001,차를 타고 우도를 돌다보면 나오는 산호해변입니다. 일반적인 해변과 다르게 오밀조밀한 흰색 산호가 인상적인 곳! 물도 진짜 에메랄드 빛입니다. 꼭꼭 들러 보세요.,제주 제주시 우도면 연평리 2565
1210002,"우도 선착장에서 차로 5분도 안되는 매우 가까운 거리에 있으며, 해안길을 따라 산책겸 걸어가도 그다지 멀지 않은 곳에 있습니다.이 해수욕장은 모래가 아니고 산호 조각으로 해변이 이루어져 있어 색다른 풍경을 선사하는 장소입니다. 그래서 서빈백사라고도 불린다고 합니다. 하얀 해변과 파란 바다의 조화가 너무 아름답습니다.주변에 상점이 몇곳있어서 먹으면서 산책하기도 좋은 곳입니다. 우도에 가신다면 꼭 들러보세요.",제주 제주시 우도면 연평리 2565
1220001,유일한 단점인 가는 길. 고불고불 하고 돌길이라 타이어 펑크날까 조심조심 가야해요ㅠㅠ 목장에서 파는 우유 요구르트 너무너무 맛있어요.. 아이스크림도 짱이고 체험도 진짜 재미있었어요 기억에 오래오래 남을듯 !,제주특별자치도 제주시 첨단동길 160-20
1220002,"가족들과 함께 하는 6월말 제주도 여행 중에 오전에 아침미소목장을 방문하였습니다덥지만 날씨가 맑아서 좋았던 거 같아요기본적으로 카페가 있고, 송아지들에게 우유를 줄 수 있는 체험존 그리고들판(?) 느낌의 너른 잔디밭과 목장, 예쁜 사진을 위한 포인트존 등이 있어요우선 송아지에게 우유를 주는 체험 학습존은 매우 좋았어요4살 아이라 조금 겁내기는 했지만 책 속에서만 보던 송아지를 보고직접 우유를 주는 체험은 재밌게 했어요카페에는 송아지에게 주는 우유를 비롯하여 치즈나 요구르트 같은 유제품 그리고커피 등을 판매하고 있습니다젖소들이 뛰어다니는 들판 느낌의 넓은 목장이 있어요 스팟 자체가 넓어서참 시원한 기분이 들어요사진 찍기도 좋았던 거 같아요!~ 군데군데 사진을 찍기 위한 장식물이랑 포인트 공간 등이 있어서 젖소들이 있는 목장과 하늘을 뒷배경으로 사진 찍기도 좋구요교통은 대중교통으로는 가기 어려울 듯 해요 가기를 원하면 렌트를 해야 할 거 같고6월말에 같은데 덥긴 했습니다참고로 오전 11시 전에 방문했는데 그 때는 입구 주차장이 한산했지만 정오가 지나니주차장이 꽉 찬 상태였습니다 공간 자체가 아주 넓은 편은 아니라 이동 포함해서는 반나절 정도, 목장은 한 시간에서 한 시간 반 정도 사진 찍고 체험하고 차 한 잔 마시기에 좋은 스팟 같아요사진찍기를 좋아하시는 분들은 가시면 후회는 없을 듯 합니다~",제주특별자치도 제주시 첨단동길 160-20
1230001,"It was at the end of Hamdeok beach. It is not too high and easy to walk. I loved the view from the hill and you can see hallasan from seoubong. If you are staying around Hamdeok beach, seoubong is a great place to see sunrise or sunset. I loved it!",제주 제주시 조천읍 조함해안로 525
1240001,"DRAMA WORLD is consist of DRAMA STUDIO, TEDDY BEAR and WEDDING PHOTO ZONE. Drama studio is an indoor exhibition hall with a floor area of 5,000 square meters. Drama studio is actual TV drama studio and restored studio in KOREA, USA and EUROPE, in which the visitors can experience all costumes and accessories for free(except HANBOK, Wedding dress). Our exhibition is consist of town(street) studio and interior studio. Our exhibition is consist of Korean studio(K-DRAMA) and World studio(USA,EUROPE DRAMA). Visitors of all age groups can experience KOREA culture, Western(USA) culture and The Middle ages(EUROPE) culture through DRAMA STUDIO. We are the first experiment-type drama studio in Korea where the visitors wear the costumes and use the articles to be the main character in dramas. ※ Now, World Studio is consist of TEDDY BEAR EXHIBITION and WEDDING PHOTO ZONE with a background of Western and The Middle ages studio. Collaboration between DRAMA WORLD and TEDDY BEAR. TEDDY BEAR Exhibition Hall’s floor area is about 1,000 square meters. At DRAMA WORLD, visitors can see TEDDY BEAR, which produced scenes in drama of Korea, USA and Europe. Visitors can easily understand the scene of drama. Because the text(Chinese, English, Korean)is placed in each display of TEDDY BEAR. Visitors can take a picture with man-sized TEDDY BEAR using props and wearing costume for free. Visitors can learn about the Self-Wedding culture of Korea through the Wedding photo zone with a background of drama studio. Visitors can take a picture in wedding photo zone on studio of the Western Age in USA, the Middle Ages in Europe and Korea’s drama. In each Wedding photo zone, wedding accessories are placed. And they are available for free.",제주특별자치도 제주시 애월읍 봉성리 4556
1240002,"The museum was so awful and pathetic, smell dust and you can meet creepy and gloomy teddybear inside. We had lots of fun with my friends because we decided to laugh at the situation instead of being angry for spending 9000 wons at this place... Please note that if you want to wear drama disguise you'll be charge 5000 wons more...",제주특별자치도 제주시 애월읍 봉성리 4556
1240003,"So I read some idiot blog somewhere that said this place was apparently fun. What an idiot. NO. JUST NO.A bloody waste of 9000won is what this place is. It's extremely rundown. Smells like cat pee EVERYWHERE, especially all over the 1st floor. All the ""studio sets"" are not well maintained and look old and disgusting. What's worse... the moment you walk in, there's a set with a noose & wooden chair... IF you notice my photo, the tiles there are broken and the set is elevated.. imagine walking towards the noose only to have your feet sink into the the set, aka feeling like you're falling through the tiles. They have free clothes and hanbok for you to try and pose in. BUT... like everything else in this place... it's old and... i dont even know when any of the clothes were last washed. Remember, the whole place smells like cat pee. It's 2 floors of rundown studio sets... they even have signs saying ""please leave your shoes on"".IF you're looking to waste time and 9000won/person, go ahead. Visit this place. Just remember my voice saying ""I told you so"" when you walk into a cat pee smelling rundown area of studio sets and leave disappointed.",제주특별자치도 제주시 애월읍 봉성리 4556
1240004,"Wouldn't really recommend this place as i don't find it very interesting. Think it's a very good idea (since Korean Dramas are so popular) but very bad execution. If you have the spare time, don't mind spending the money, you are nearby and you loveeeeee korean drama, maybe you can consider coming.. else, don't waste your time here.Full review: http://wanderer.summeree.com/travel/korea/jeju/drama-world/",제주특별자치도 제주시 애월읍 봉성리 4556
1250001,"Il faut vraiment être un connaisseur de l'histoire coréenne pour venir ici. Mais même sans l'être c'est intéressant, en particulier si on s’intéresse à la calligraphie chinoise. .L'accès est gratuit.Peu d'explication en anglais.",제주 서귀포시 대정읍 추사로 44
1250002,"제주시에서 약 80km 가량의 거리.오후3시, 혼자서 택시를 탔다. 약 35,000 원.도착한 곳은 주차장.약 5분 걷고, 추사관 도착.박물관 가이드의 친절한 설명과당시 상황을 보기에 충분한 1시간여추사를 상념하였다.당시 거주했던 초옥을 재현한  멋진 곳도 보고 앉았다.비오고 바람이 세게부는늦은 봄날.. 멋진곳을 다녀왔다.강추.",제주 서귀포시 대정읍 추사로 44
1250003,TV프로그램(알쓸신잡2)을 따라 가보게 된 곳입니다. 추사 김정희의 유배지와 남긴 작품들을 감상할 수 있습니다. 해당 프로그램을 보고 가면 더 의미가 깊을 것 같습니다.엄청나게 볼 것이 많은 곳은 아닙니다. 역사적인 장소나 기록에 관심이 있는 분들에게 추천합니다. 건물음 ‘세한도’에 그려진 그 집 모양으로 건축되었습니다. 느낌 있습니다~,제주 서귀포시 대정읍 추사로 44
1250004,"귀양으로 서귀포 대정으로 내려와 위리안치 형을 받았다고 하네요. 알쓸신잡에 소개된 뒤 많은 분들이 찾아오시는 것 같습니다.추사의 세한도에 나오는 집을 본따 만든 건물이며, 지하로 되어 있어요. 건물 뒷편 지상에는 추사가 유배와서 지내던 집이 있고요.추사관 내부에 전시된 것들은 대개가 영인본이나 탁본이네요. 유홍준 선생이 기증한 물건이 많습니다.가이드 투어 시간도 있는 것 같으니 참고하세요.",제주 서귀포시 대정읍 추사로 44
1260001,We went to the memorial hall to see the exhibition on Kim Manduk after we visited a recreation of her travellers' in that is about 150m away.I have always admired Korea's efforts to recreate buildings and scenes fron the past that are both infirmative and interesting.The exhibit at the hall added to what we had learnt at the inn.What comes across from the information cards and exhibits was a woman dedicated to the service of others.Profit was never her main motive. Nor self-aggrandizement.We need more people like her today.,제주 제주시 산지로 7 김만덕기념관
1260002,"Kim Mandeok Memorial.I really liked this place personally. I came to know of this woman, Kim Mandeok from this memorial museum. She was the first CEO woman in Chosun Dynasty, which was quite unusual especially as a woman. And when a famine came to Jeju, she helped people in Jeju. Because of the benevolent act, she was still remembered even now. Even a Korean drama dealt with her life. Her life is very exemplary and inspiring. You can find a fraction of Korean history here.",제주 제주시 산지로 7 김만덕기념관
1260003,"This is for the female Merchant who saved people in Jeju island 17,18 Century, Joseon dynasty. Very carefully and beautifully made. However, it is limited for 3rd floor. 2nd floor is for kids' experience museum. 1st floor is for some special exposition from time to time. It is FREE, worth to visit for an hour. It is located near by Jeju coastal international port and Dongmun traditional market. Actually from this market, exit/entrance #3, it is just 500 m away. In those times, people in Jeju island could not get out of the island, however, since she saved whole population in the island, The King Jungjo wanted to give a awards but she refused. Instead, she asked him she would love to visit the peninsular once, and wanted to travel in Diamond mountain(located in North Korea now). So she could get the chance to meet the King and travel inland. Under the Patriarchal system, it must be very hard for her to work as a merchant, but became the most rich person in Jeju, then when there was big famine, she released whole rice and food for free to Jeju people. Any way, it was great fun to enjoy each section from her birth to death. All explanation are in English and in Korean both.",제주 제주시 산지로 7 김만덕기념관
1270001,"We wanted to visit an orange, (tangerine) farm in Jeju, where the famous Jeju oranges are grown.Through the tourists information centre, we found this farm nearest from the city centre. We had to take a bus.It is a very nice orange farm. Fee is 5,000₩ per pax- with unlimited time, eat as much oranges as you want while in the orchard & get to bring back 1kg of oranges at the end of it.Great deal considering 1 small tray of oranges in the markets are selling for same price or higher.The young lady in charge was very friendly & helpful although she don't speak English ( Google Translate comes in handy everytime ).The shop was very nice too. Products made at the farm using their fresh oranges includes jams, confectionery & oranges as well. The small production factory could be seen from the shop.Free tasting of their orange jam plus few pieces biscuits included. The jam was very good, made of real oranges.",제주 제주시 1100로 3118
1280001,"Abu Oreum was a great easy hike.  Took about 45 minutes to get to the top, hike all the way around the crater, and get back down with a 5-year-old and 7-year-old walking.  There is a trail into the crater that we didn’t take.  The climb itself from the parking lot to the top is less than 10 minutes. Has beautiful views of the countryside around it and a very pleasant walk past some cows and a small forest. It was also very easy to find and park.",제주 제주시 구좌읍 송당리 산164-1
1290001,"When visiting other countries I realize the treatment of animal standards may differ, but I at least look for animals to be happy. This falconry “center”was bittersweet. Some of the animals had wonderful enclosures, but the birds of prey were treated very inhumanly. The same birds of prey/owls were tied to stands for the whole 3 hours we were there, with no food or water, in the blaring sun, with no supervision as people crowded and tried to touch them to the point they would flinch or try to fly away, only to be yanked by their chains. Their inhumane treatment brought tears to our eyes. At the far part of the center, we came upon their enclosures, cages about 5 x 5 x5 feet wide, where other birds of prey were chained, with little place to move and absolutely no enrichment toys.  This is unacceptable. There was a raccoon in a small enclosure with no enrichment toys, solely used for tourists to take selfies with. Last but not least, a pair of Coaty were also in a small enclosure. Their baby was on display in a small cage by the gift shop with no water. This “Center” does have some acceptable enclosures for fowl, rabbits, budgies, and the alpaca interaction was amazing, but surely they can treat all their animals with dignity. While we were there, a macaw flew away into the surrounding trees. Clearly the parrot did not have an attached handler nor proper training for flighted birds.",제주 제주시 애월읍 애원로 804
1290002,What a cool find we only knew about because of a brochure from our hotel. So many different animals to see and we even got to touch and feed some of them!,제주 제주시 애월읍 애원로 804
1300001,"Bonte Museum was designed by Tadao Ando who designed scores of museums (including the Suntory Museum in Osaka) in Japan so the building itself is very photogenic.  The complex is divided into five galleries with one of them permanently housing two works by Yayoi Kusama, Pumpkin and the Infinity Mirrored Room (each visitor gets two minutes inside).  One gallery is dedicated to Tadao Ando’s meditation room while the rest of the  artwork inside rotates.  The other three galleries were pretty bland with one dedicated to Korean traditional crafts and the other two dedicated to temporary exhibitions.  Each gallery is relatively small with the entire museum taking a little over an hour to check out.  The spacious surrounding area is a nice spot to chill after checking out the art if the weather is nice and despite the steep admission, it was still a worthwhile stop.",제주 서귀포시 안덕면 산록남로762번길 69
1300002,"I was really impressed by this museum, designed by the famous Japanese architet Tadao Ando. The architecture of the building and the beautiful garden make this place worth a visit, but the collection is also really interesting. I really loved the collection artefacts from the late Joseon period an the special exhibition 'Carriage to Heaven' that shows sangyeo (traditional funeral bier) and kkokdu (small statues used as decoration for the sangjyeo). The joyous artwork of Japanese artist Yayoi Kusama were a nice extra on top of all that.Not to be missed when visiting Jeju.",제주 서귀포시 안덕면 산록남로762번길 69
1300003,"This is an excellent museum featuring contemporary art as well as traditional art. The buildings themselves, which were designed by Tadao Ando, were amazing. It was great just walking around inside while perusing the exhibits & or going for a stroll outside. My favorite part was the sculpture garden, which featured 3 pieces. You can go on the rooftop as well to see another sculpture as well as a great view of Jeju. I was also fortunate to have an opportunity to see Yayoi Kusama's Pumpkin & Infinity Mirrored Room. I don't know if it was because I went during off-season, but the museum wasn't crowded at all, so I was able to take my time. I would definitely come back here again if I had a chance",제주 서귀포시 안덕면 산록남로762번길 69
1300004,"Outstanding art gallery, with excellent exhibitions and buildings, nice café, an absolute must during your stay in Jeju!",제주 서귀포시 안덕면 산록남로762번길 69
1300005,"Really enjoy my time here at Bonte Museum, quiet, quaint with lots of funky modern art displays from indoor to outdoor, all my pictures taken there look fantastic from every angle.",제주 서귀포시 안덕면 산록남로762번길 69
1300006,simple & peaceful environment. not too crowded & good for taking time for scrolling. staff also professional & nice with good communication.,제주 서귀포시 안덕면 산록남로762번길 69
1310001,"I had a lot of fun riding the carts but also enjoying the beauty of Jeju. It's situated in such a beautiful location where you can view the ocean and take Instagram photos! The interior of the building was also cool. It was futuristic and very clean. The staff were friendly and helpful! I didn't play indoor games but there were many indoor games as well, so it seems like a place that you can have fun in any season. I will definitely recommend this place for any ages!  I will go back in a heartbeat when I visit Jeju next time!!",제주 제주시 애월읍 천덕로 880-24
1310002,"Excellent place. Lots of fun and great staff. The staff were helpful. Very efficient, clean and reasonable place for family and friends.",제주 제주시 애월읍 천덕로 880-24
1310003,"I'd highly recommend visiting 9.81 Park on your next trip to Jeju. This place is a lot of fun. The karts are in excellent condition, the course offers some amazing sea views and the staff are very professional and helpful. Definitely worth a visit.",제주 제주시 애월읍 천덕로 880-24
1320001,you can teach or give information how the engine and model grow from old to modern system. and also they have an simulation driving licence for kids .Kids will very like it,제주 서귀포시 안덕면 중산간서로 1610 세계자동차 제주박물관
1320002,"Is worth going if u have young kids and a husband/wife who enjoyed looking at vintage cars instead of young woman (:p). My kids enjoyed driving the cars and they were issued a license with photo after the 10mins ride. Although they say no phototaking but trust me, phototaking opportunity are plenty once u r out of their sight. Read that there's an outdoor area where we can feed the deer. Unfortunately it was raining shortly after we were there. Hence didn't manage to do there. This place is very near to the ossulloc green tea museum. Easy to swing over after the visit to ossulloc. But beware to check weather. There's a unsheltered slope uphill from the entrance area (remb to bring enough umbrella for whole family in case it rains). My hubby only brought 1 from the car hence he needs to go bk to the car and climb uphill again just to pass us the ponchos and umbrellas). :P",제주 서귀포시 안덕면 중산간서로 1610 세계자동차 제주박물관
1320003,"This place is amazing! I expected to find something of this quality in the US or Europe, not on a vacation island in Korea. The cars on display were absolutely amazing and gorgeous. Classic cars for me are better than modern machines as they have more unique designs and just invoke a more awe inspiring feeling within. Absolutely love it!",제주 서귀포시 안덕면 중산간서로 1610 세계자동차 제주박물관
1320004,"Couldn't believe that a car museum of such excellence would be found on Jeju Island in South Korea.the large number of cars covered all makes, types and brands and we just loved all the old advertising posters around the museum.The displays outside were also a delight and the museum was not hard to get to by public transport.  We stopped off to watch some of the races on the way back and that is also worth a visit.  They use descendants of the Mongolian ponies, and with their colourful jockeys they made a wonderful display.  The extensive grounds have lots to entertain children as well as a mini golf course in the centre of the race track.  Would definately recommend both destinations.",제주 서귀포시 안덕면 중산간서로 1610 세계자동차 제주박물관
1320005,Even I am not a great fan of cars ... this place have a great collection and is in good condition .  Looking at the different model and time it was produced ...  very educational.   The outdoor display was very appreciate as you can touch and get in it for the kids.,제주 서귀포시 안덕면 중산간서로 1610 세계자동차 제주박물관
1320006,It is first time for me to write a review of a museum because it was much more beyond our expectations. You will love the exhibition even if you are not a big fun of cars. The best part for my 8 year-old son was the test driving for his first International Driving License.,제주 서귀포시 안덕면 중산간서로 1610 세계자동차 제주박물관
1320007,"Only discovered that we did not visit the indoor museum after seeing all other reviewers' photos.  We were only at the outdoor site and even with just those few cars, we enjoyed each one on display. Wish we had seen all the cars!",제주 서귀포시 안덕면 중산간서로 1610 세계자동차 제주박물관
1320008,"It was a great visit! My hubby is a car lover and he enjoyed this attraction very much. We even bought car models for our new house at the store. To get into this attraction you pay a minimal fee, additionally, there's an outdoor area where you can feed rabbits and goats, do pick up the carrot sticks from the shop!",제주 서귀포시 안덕면 중산간서로 1610 세계자동차 제주박물관
1320009,"My kids loved the place too much, the history of cars from old to new The kids try driving and they get international driving license It was fun",제주 서귀포시 안덕면 중산간서로 1610 세계자동차 제주박물관
1320010,So many vintage cars on display good for car enthusiasts. Most were executive cars used by dignitaries.,제주 서귀포시 안덕면 중산간서로 1610 세계자동차 제주박물관
1320011,"You have to walk on a ramp in order to get into the museum because car cannot drive into the area of exhibitions. The venue is separated into indoor and outdoor. For outdoor exhibitions, you should be aware of the weather. If it rains, the ramp would be slippery, so visitors are recommended to wear water-resistant shoes for unusual events. There are plenty of cars exhibited, including antique cars and modern cars. There are descriptions beside every single car including where they produce, which car firm belongs to and when it is first produced. There are many limited-edition cars and some of them are even the only one in the world. There is also a shop located besides the entry of the museum, selling different car models and peripherals. I bought a wheel like key chain, it costs 10k KWD, which is relatively cheap compare to the models of cars.So, if you are a car fan or you want to have some souvenirs about cars, you are recommended to go to the car museum to buy your favorites.",제주 서귀포시 안덕면 중산간서로 1610 세계자동차 제주박물관
1320012,"C1 ( 2016.07.12 ) This museum was more many car than I think. I didn't expect this museum, but various car was exhibits. Especially, the car about 30 years ago was very good to me. There was a various car in the museum and outside. For children, the experience facility was good.",제주 서귀포시 안덕면 중산간서로 1610 세계자동차 제주박물관
1320013,"The entrance fee is a little pricey, but if you consider the maintence for each car, it's understandable. If you're into classic cars, this is the place to be.  The style and uniqueness of each car was awesome. Would like a few other classics in there. But they had a Bentley and a Chevvy so I'm more than happy.",제주 서귀포시 안덕면 중산간서로 1610 세계자동차 제주박물관
1320014,"If you are a car enthusiast, this is a great place to visit. They have a broad range of cars and an area where kids can drive a car around a track.",제주 서귀포시 안덕면 중산간서로 1610 세계자동차 제주박물관
1320015,"Full of antique cars, if you are a car lover, definitely worth to visit this museum! But most of the explanation is in Korean.",제주 서귀포시 안덕면 중산간서로 1610 세계자동차 제주박물관
1320016,"All the museums were great in jeju island if you're in and out within a hour or so.  But i think i stayed in this automobile museum for at least 3 hours.  My hobby and passion is cars back home jn the States so for any car lover,  this is the place.  From the model T,  old school Bentley and rolls royce to The original 300sl class Mercedes,  you see it all.  A must for car lovers...",제주 서귀포시 안덕면 중산간서로 1610 세계자동차 제주박물관
1320017,"This is really the heaven for antique car fans like us. Grandpa was enjoying the old days by seeing these old pals, and kids enjoyed the fun ride of kiddy kart surrounding the museum.",제주 서귀포시 안덕면 중산간서로 1610 세계자동차 제주박물관
1330001,바람아 자나가는 자리에 오름이 있는거 같은 느낌입니다. 부처정이 살짝 안으로 들어와 았는데 푯말을 못보면 지나칠거 같아요. 근처네 이시돌 목장도 있고 목장들이 있어서 그럼가 놀라가서 내려다본 풍경이 푸르름이 가득하네요.정물오름이라는게 정말 물이 있는 곳이라서 그렇다는대 올라가는 갈에 억새가 많이 피어있고 올라가면서도 이미 풍경에 빠져 듭니다.,제주 제주시 한림읍 금악리 산52-1
1340001,"This park is on the mountain above the Jeju main ship port.The way up can be done with a car, then the entrance to the park is near the large white lighthouse with a great view over the coastline.you'll have their wide green areas. good for to chilling out but can be skip after the lighthouse.",제주 제주시 신대로10길 48-9
1340002,"Sammu Park is a destination not likely to appear on the typical package-tour’s itinerary for Jeju Island, but this downtown Sin-Jeju gem has some singularly unique features for the intrepid visitor.  First, the park was actually constructed on one of Jeju’s 368 oreums, local dialect for a small scoria (cinder) cone or parasitic/parallel volcano.  This one is Beduri oreum, surely one of the smaller ones, topping out at just 10 meters above its base with a circumference of 617 meters.  Beduri was transformed into the park in 1978 as part of an urban planning initiative. In addition to a large assortment of exercise equipment,  a children’s play area, badminton and basketball courts, and jogging/hiking trails, Beduri boasts a majestic, two-story octagonal pavilion, called Sammujeong.   Constructed in the traditional Korean style and ringed by pine trees, the colorful wooden pavilion is almost like a giant tree-house.  It isn’t unusual to hear musicians and vocalists practicing there, taking advantage of the spot’s natural acoustics.  It’s a peaceful place to sip a beverage in any season.  Next, are you a train enthusiast or history buff?  Then you might want to visit Sammu for this feature alone:  the park is home to the last remaining steam locomotive for coal transportation in Korea.  MIKA Steam Locomotive No. 304 (registered Cultural Heritage No. 414) was manufactured in Japan in 1944, during Japanese colonial rule, and operated on Korean railroads until 1967. In 1978, President Park Chung Hee had it shipped to the park on Children’s Day, so that Jeju’s children could see a real train.  The train’s passenger car now contains a children’s library.  Finally, beginning in 2014, the park has been further renovated to be a sort of extension to the Bao Jian Street tourism and shopping district.  At the park’s south entrance, there is a giant clock surrounded by wildflowers and neon lampposts that match those on Bao Jian.  The clock has a Plexiglas dome that gives its neon face a trick-art, psychedelic look after dark.  Sammu Park is definitely worth a visit, particularly if you are staying at an area accommodation or if you will be going to Bao Jian…a chance for a little Jeju “nightlife.”",제주 제주시 신대로10길 48-9
1350001,제주 화산토를 이용하하여 제주 옹기를 만들어놓은 박물관이구요....구매도 할 수 있다고 하네요^^여긴 어린아이들이 있는 가족여행보다는나이 지긋하신 분들이 방문하시면 좋을 것 같다는 생각이 들었어요 ~~,제주 제주시 애월읍 평화로 2847
1350002,제주의 화산석과 제주 흙을 이용한 다양한 작품이 전시되어 있다 여기에서 도자기도 만들며 구매할 수도 있다,제주 제주시 애월읍 평화로 2847
1360001,"one of the best Art museums on Jeju island along with Arario museum, a moment of calm and meditation around one of the great modern Korean artists",제주 제주시 한림읍 용금로 883-5
1360002,"Kim Tschang-Yeul museum had a stylish exterior designed by Tadao Ando.  Featuring the namesake artist Kim’s sculptures and paintings, the museum is very chic for a government run museum. Kim’s trademark is the water drop, which is added to what would otherwise look like rather plain patterns painted on canvas.  The sculptures mostly contained large glass water drops.  Some of the outdoor sculptures complement Ando’s architecture very nicely.  This was an unexpectedly cool visit.",제주 제주시 한림읍 용금로 883-5
1370001,"As I've mentioned on my review to Seongpanak Trail, I'd recommend it as the point of entry then exit through Gwaneumsa Trail. But, if you prefer a more challenging option, do the other way around. I went down from the summit through the Gwaneumsa Trail. It was the first week of April and the snow hasn't melted completely yet, making it slippery. It is very much recommended to have a walking stick, in my case, I used my tripod. The scenery in this trail was awesome. There are valleys in yellow and white. You can also find a spring water along the way. Hiking Hallasan in general solo is not a problem, regardless of which trail you take, because there are a lot of other hikers you meet along the way.",제주 제주시 오라2동
1380001,"Part of Hallim Park. Your entrance fee to the park grants access to this site. Nothing special, but already included, so check it out. Easy to go thru, even for the older less mobile people.",제주 제주시 한림읍 한림로 300
1390001,"Eoseungsaengak adalah puncak terpendek dari beberapa puncak bukit di gunung Halla atau disebut Hallasan. Buat orang tua atau yang tidak kuat jalan jauh, jalur ini cocok untuk didaki karena jaraknya hanya 1,3 Km dari gerbang masuk Eorimok atau 2,3 Km dari halte bis. Bila musim dingin juga turun salju seperti puncak lainnya. Jalurnya sendiri tidak terlalu menanjak dan sudah ada treknya sehingga tinggal mengikuti saja. Waktu tempuh ke puncak sekitar 30-40 menit saja dari gerbang masuk.",제주 제주시 해안동 산220-12
1400001,"The bridge during night time was nice. I saw this on the plane from Seoul to Jeju. At first I came to see the sea next to it, but then I suddenly saw the bridge and thought it looked beautiful. It really brightens up the dark.",제주 제주시 용담이동 2581
1410001,"The lonely tree is a amazing place for taking photos, due it's location in a vast landscape is a good place to take photos and explore the beatitude of Jeju.",제주 제주시 애월읍 봉성리 산59-8
1420001,단풍이 귀한 제주도에서 가을 놀이 할 수 있는 몇 안되는 곳. 제주 시내에서 한라산 쪽으로 15분 정도 걸림. 주말에는 무척 붐비고 입구 근처에 주차장이 있지만 복불복. 한라산 둘레길이라서 여유가 있다면 걸어가도 좋다. 건천 계곡이라 돌맹이가 험하니 5세 미만 아이는 동반이 힘들 수 있다. 10월말-11월초가 단풍 절정.,제주 애월읍 화전길 271
1430001,"해발 252m의 오르기 수월한 오름. 주차 장소가 애매모호 하기는 하지만, 경사가 원만하고 정상에서 보는 경치도 좋음. 정상에 운동기구가 설치되어 있어 동네 주민들도 많이 보임",제주 제주시 오라2동 산12
1440001,"Located on the second floor of the Ramada Plaza, this casino is missing the hordes of Chinese tourists who'll bring life back to any casino be it for roulette or blackjack! Worth a little wager if the outside weather is too bad for outdoor activities",제주 제주시 탑동로 66 라마다 프라자 제주호텔
1440002,"Located at 2nd floor of hotel. Ample space, perhaps it's because there's hardly anyone playing. Limited number of types of games available. Eg 2 roulette tables, no poker of any sort  mostly baccarat and blackjack.",제주 제주시 탑동로 66 라마다 프라자 제주호텔
1440003,"On a recent vacation in Jeju, I decided to check out the Ramada Plaza Jeju Casino. My visit was in the mid-afternoon, and there were only a handful of casino patrons inside this small casino.When you enter the casino, they ask for your ID, and then they make a photocopy of it. I do not believe that there is a legal requirement for them to photocopy your passport (or in my case, Korean residency card) for their permanent records. Frankly speaking, I was offended by this requirement. To check a visitor’s identification, yes; permanent photocopied record, no.I had the intention of playing some blackjack, but as soon as I saw that they use continuous shuffling machines, I walked out. It is impossible for a blackjack player to gain the tiniest of advantages when such machines are used. My recommendation to blackjack players: don’t waste your time going to this casino.",제주 제주시 탑동로 66 라마다 프라자 제주호텔
1450001,"조용히 전시실을 관람하고,지하에 내려가 밀랍인형들도 보고,예쁜 그림책도 한 참 들여다 볼 수 있는 공간!나오는 길에 어디선가 코고는 소리가들리면,한쪽구석에서 잠들어있는 여행자를 찾아보시길...",제주 서귀포시 중문관광로 227-24
1460001,낮에는 사진을 찍을 가치도 없는 곳입니다. 밤에 조명이 화려하다하여 밤에 가려고 했으나 일정 상 낮에 갈수 밖에 없었는데 가는 길 차로도 험난하고 절의 대부분이 최근에 지어진것으로 낮에 보면 현대미가 가득합니다. 가보니 새로 절 건물도 짓고 있던데 이건 절이 아니고 관광객을 끌어들이기 위한 곳으로 보이네요.,제주 제주시 애월읍 구몰동길 65 선운정사
1460002,낮에는 별로일듯 하지만밤엔는 야경이 정말 멋있습니다.사진찍기도 좋고만족합니다.등불과 사진 찍기에 정말 좋습니다.,제주 제주시 애월읍 구몰동길 65 선운정사
1460003,블로그 리뷰등을 보며 방문 하였지만.. 특별한게 뭔지 어색한곳야간에 조명으로 괜찮을듯 하지만..야간에 구불구불한 길에 접근하기는 특히 자기차가 아닌 렌트카로는 쉽지 않을듯..확장으로 인해 경내 곳곳이 공사중임왜 유명한지 알수없음,제주 제주시 애월읍 구몰동길 65 선운정사
1460004,화려한 야경을 기대한다면 조금은 실망할지도 모른다..주차장도  따로 마련 되어있지만 구불구불 들어가는 입구가 첫방문이기엔 긴장할지도...세련된 ...다소 현대적이라할수있는 사찰에 곱게 색등을 켜 놓았다...등도 예쁘고 절도 예쁘다,제주 제주시 애월읍 구몰동길 65 선운정사
1460005,자그마한 절 앞 뒤 마당에 꾸며진 조명꽃들과 연등들로제주도 밤시간 일정을 짜기 좋은 곳빛마루축제가 열리고 있으니동절기는 밤10시까지 무료로 개방되어 있으니 한번 방문해보길 추천찾아갈때 길이 다소 좁은 편이니 운전할때 조심해야함,제주 제주시 애월읍 구몰동길 65 선운정사
1470001,"C1 ( 2016.07.13 ) This museum was meaningful museum of Jeju's anti-Japanese. This museum's outside had monument, square and sculpture about anti-Japanese. The museum was not bigger than I think, but there was operating about 10 years, and had meaningful exhibits. That's good to visit bright attraction in Jeju, but I think this meaningful attraction was good to visit sometimes.",제주 제주시 조천읍 신북로 303
1480001,"the flowers really pretty and the property is huge, each room was different and i loved it, only thing was it was sooooo hot!!",제주 서귀포시 중문관광로 93
1480002,"I've never imagine that I could spend 3 hrs for a botanical garden and that will be not enough :)The garden is very well and smart planned! Such many things to  see inside and outside of main tower!2 hrs is an absolute minimal time to spend there! Some small shops with hand made decorations and one or two coffee shop are inside of main building.Possible to ""rent"" a small funny train for to travel around of territory - but in this case just not possible to see and feel every perfect corner of the external garden as the train is going by schedule and route.",제주 서귀포시 중문관광로 93
1480003,"The place was small, there weren't many things to see and entrance fee was insanely expensive at 10,000₩ for an adult. Not a recommended place to go, best to go elsewhere like the waterfalls or jusangjeollidae rocks.",제주 서귀포시 중문관광로 93
1480004,"We decided to pay a visit whilst we were on a weekend trip to Jeju as my wife loves flowers. She was not disappointed!The display of orchids, her favourite, were quite spectacular whilst we were there.",제주 서귀포시 중문관광로 93
1480005,"Fall season would be dull here. We made a stop on the way to lunch. A few exhibition halls to cater for vegetation from different temperate and climate.  Otherwise, nothing spectacular in this huge park. The train ride requires a special ticket.",제주 서귀포시 중문관광로 93
1480006,"I was very excited to visit after reading the reviews; while it was very nice, I left slightly dissapointed. Maybe we visited at the wrong time of year, but almost nothing was blooming outside. The different outdoor gardens were pretty, but I was expecting a lot more colorful displays.Inside was a bit more of what I expected (although again, not as many flowers as I thought there would be). The main area is air-conditioned, which is a HUGE relief from the heat outside (and some of the display rooms are pretty toasty, as well).  We were lucky to get a clear day, so the view from the top of the glass dome was fantastic.The garden is in a great location, with plenty of restaurants and other attractions nearby, and just a short drive from Pacificland and the beach. As a stand-alone, the garden may have been a bit of a let-down, but since we were able to spend a couple of hours here, get some lunch, and then head down to the beach for some waves, it ended up being a fun family day.",제주 서귀포시 중문관광로 93
1480007,"There is a huge greenhouse with 7 separate areas of different plants including desert, aquatic, floral, jungle, and tropical fruit.   The tropical fruit area had platters (examples)  of many different types of the fruit of the nearby trees.   There are a couple small shops in the greenhouse selling different items as well as food and drink.    There is also an elevator going up to a 5th floor observatory.   We went on a very rainy day.    Couldn’t see a thing.   The greenhouse was extremely busy, I’m sure moreso due to the bad weather.      10,000 won to enter.",제주 서귀포시 중문관광로 93
1480008,"I was thinking of skipping this attraction in favour of the natural attractions. Due to bad weather I visited this place on a whim but I enjoyed it better than expected. The building itself is quite pretty like a big greenhouse. The floral arrangement and landscaping is tasteful although not as good as Gardens by the Bay in Singapore. There are pretty sculptures dispersed through the compound. There are many different gardens to explore. We visited the indoor gardens first followed by taking the lift up to the top floor for a view of Seogwipo and lastly took the train for the outside gardens. It was too cold and windy to walk outside. There was some confusion about where to buy train tickets, the driver helped to walk to the counter and buy our tickets. Spring is probably a good time to visit since many flowers are in bloom. It would be good if they can stop the vandalism of the trees by the Koreans, many of them scratched their names on the branches.",제주 서귀포시 중문관광로 93
1480009,Easily accessible by public bus from airport! This garden is not so crowded & have nice decoration so can relax. Locals like to visit this place & not foreigners are seen during my visit there. Next to this garden have a waterwall so got another place to relax. Recommend to go teddy bear museum & kpop museum as very near to one another so this will spend one whole day.,제주 서귀포시 중문관광로 93
1480010,"Lovely botanical garden. I went there a couple of days ago with my friends during our Jeju trip.We didn’t want to get around the whole island for the short holiday, but relax. There were a number of flowers, trees, flowers, and beautiful gardens.If you are a fan of gardens or nature, you must visit there.",제주 서귀포시 중문관광로 93
1480011,I loved the indoor botanical garden. The greenery was so uplifting away from the cold winter outside. There are many species of plants and the gardens are themed from desert to jungle to fruit etc.,제주 서귀포시 중문관광로 93
1480012,"If you love nature, then you absolutely must visit this place. According to the booklet I took, there's an outdoor and an indoor garden. The latter one has 5 different sections: a flower garden, an aquatic garden, a cactus garden, a jungle garden and a tropical fruits  garden as well as an observatory on the 5th floor.The outdoor garden contains TEN different gardens including the herb garden and a french garden. It would take about 2.5 hours to see everything it offers.TRANSPORTATION:-from Jeju: take the Airport Limusine Shuttle (approx 50 mins)-from Seogwipo: take a public bus (approx 20 mins)",제주 서귀포시 중문관광로 93
1480013,"We visited here as part of of our cruise ship day tour of the island. This is a very pretty place with amazing photo opportunities throughout. We purchased one of our favorite souvenirs from a kiosk selling genuine Jeju produced hats. We enjoyed the gardens and the walk over the bridge with the amazing views of the gorge and waterfalls. Be aware that the VERY long walk down to the ""close-up"" of the waterfalls is rather taxing and may not be worth the effort. Overall, a great experience!",제주 서귀포시 중문관광로 93
1480014,"What a fantastic place to visit, spectacular looking ,inside ,jungle,cacti,gardens under glass ,lift in the middle at the top you get to see all gardens outside you can explore,the beautifully Italian and French gardens are just so awesome,well worth a visit ,although yes extremely hot,lots of Aircon outside garden areas ,cafe to cool down .",제주 서귀포시 중문관광로 93
1480015,My wife and I went to this place all of a sudden as We had no plan to cover this area. it is located in Jungmoon Resort area. the environment is like slience is spekaing everything. alongside the three water falls are awesome. Go and see.,제주 서귀포시 중문관광로 93
1480016,"The indoor gardens are very lovely especially the flower and cactus gardens. We were there on a sunny day in May and expected it to be hot inside. But these are not just greenhouses. They are greenhouses with air conditioning and so it was pleasantly cool and we took our time to walk around and admire the plants in comfort. The gardens are very well maintained without a leaf out of place. The arrangements are very pleasing and and these two gardens are simply beautiful. Go on a sunny day when the light and shadow creates a most charming effect.As for the outdoor gardens, the Italian one is very picturesque with a magnificent water feature. This is not so much a garden but nonetheless very attractive.Definitely worth a visit.",제주 서귀포시 중문관광로 93
1480017,The inside is beautiful but had a huge amount of school groups which made it hard to walk around. The outside gardens are lovely and romantic and makes for a nice stroll with your significant other.,제주 서귀포시 중문관광로 93
1480018,The outdoor gardens lack maintenance and looks nice from a far but is very bad when up close. The plants are balding and the fountains are empty.,제주 서귀포시 중문관광로 93
1480019,This was one of the nicest gardens I have ever seen. Beautiful 5 rooms with different items there. Nice observatory.,제주 서귀포시 중문관광로 93
1480020,It is worth to see this. You can see 5 different gardens with different themes. It is nice for children and for adults as well.,제주 서귀포시 중문관광로 93
1480021,"It was enjoyable to walk through this botanical garden,  but I have seen better. It was great fun to go up to the top of the tower for a 360 degree view of the area.",제주 서귀포시 중문관광로 93
1480022,"We visited Jeju in the off season so the outside wasn't what it normally is, but the inside was absolutely beautiful.",제주 서귀포시 중문관광로 93
1480023,This is a beautiful place to learn about the gardens and native korean plants.  There are many different types of gardens here and they are all well maintained and interesting.  You could stay here for a long time just learning or you could breeze through casually enjoying the scenery.  There is a tower you can go to the top of for lovely views of the area.  Bring a water bottle.,제주 서귀포시 중문관광로 93
1480024,"This botanical garden is well arranged, it enables you to travel around the world through its flora. Pleasant warm ambience, pretty flowers, trees and plants, outside garden too. Great for sunny days - you can admire the view of Hallasan volcano.",제주 서귀포시 중문관광로 93
1480025,"The cone-dome architecture is interesting, the roofs of different gardens within culminates to a peak into the center of the compound and u can take a lift up to catch a 360 panoramic glimpse of the surroundings (see pic). However, adult tix are at 9000krw per person which is not cheap for what u get within. The place has lots of potential but not that well-maintained as the place looks very weathered on the whole. There is a garden dedicated to tropical fruits but those are mostly common fruits for southeast Asians like us. There were only chrysanthemums at the entrance even though it's supposed to be in-season. Parking is easy though, and free, like most places of interests at Jeju. Overall, this place is more suitable for the elders and for people dropping by to visit Cheonjeyeon falls and Seonimgyo Bridge, which is just next door. Otherwise, my 2c worth - it'll be fine to spend your money elsewhere.",제주 서귀포시 중문관광로 93
1480026,"The gardens were reasonably well tended and we liked the indoor themed zones spreading out in a cartwheel from the main atrium. Outside there are a series of larger themed gardens. Some better than others, but it is a South Korean take on these different countries garden styles. For example the fountains in the Italianate garden were quite impressive and it was good to stroll in the sunshine. We did like the many sculptures placed within the various indoor spaces and this has lifted our score from 'average' to 'very good'.",제주 서귀포시 중문관광로 93
1480027,"The Yeomiji Botanical Garden is easy to find and has parking places available. Entrance is not so pricy. The place is easier to enter with stroller or wheel chair. The glass house is quite big and divided into flower/aquatic/cactus/jungle and tropical fruits garden. The outdoor garden is also spacious but we did not go there. Not many people have visited the place. Consequently it was quiet and empty. The garden is very beautiful, interesting and green. It has also a lot of plants and trees but the wow effect is definitely missing.  On top of the glass house is also a view point with elevator connection. Finally I have seen much better botanical gardens.",제주 서귀포시 중문관광로 93
1480028,"Enjoyed a comfortable tour of the gardens. Has lots of plants, flowers and trees from all over the world. It is is just beautiful.",제주 서귀포시 중문관광로 93
1480029,"Pathetic and unkempt..it is a disgrace to call this place a ""botanical garden""! The so-called Korean, Italian and French Gradens were not even kept up! The interior greenhouses were a waste of time! It is a absolute waste  of money!",제주 서귀포시 중문관광로 93
1480030,"I love nature so this place of course was one of my favorites.  I wish I could upload videos on TripAdvisor.  I can during the fall season and was blown away, imagine what this place looks like during its prime time, spring.  Anyways, must visit here, must.",제주 서귀포시 중문관광로 93
1480031,"It wouldn't usually be my first choice to visit on an island filled with so many views but it was a rainy day so it seemed reasonable. Wasn't disappointed. The indoor exhibition is well arranged and themed: there was jungle, desert, and other sections. You can climb to the last floor of the tower in the middle for a nice view of the area. Can't go wrong in any way if you stop by. Didn't see the outdoor gardens since it was pouring rain but wasnt disappointed even with the indoor one alone",제주 서귀포시 중문관광로 93
1480032,"The building itself was amazing and the indoor gardens were impressive. You can take an elevator up to the 5the floor lookout for a nice view through windows that need cleaning. The outside gardens were mixed. Japanese garden was the nicest overall but smaller than I would have guessed. The Italian and French gardens were impressive by scale alone but the details were far under kept. Green water, weeds??? And I between the larger gardens were under kept areas like a  garden that looked lame at best.  With all that it was still worth a quick stop but don't get your expectations too high.",제주 서귀포시 중문관광로 93
1480033,"I am used of the garden by the bay in Singapore which is great, so I went there just to depend some time and expecting something just .. so so.I was actually wrong. The garden is nice, outside as inside. The round shape with all kid of plants, the elevator to go on the top and enjoy a great view, the type of gardens outside (japanese, coréen, italien, french...).Sometimes a lack of maintenance but.. definetely a nice place. Entrance is about 7usd for adults. A little train can bring you around but I didnt use it and.. not sure it is free.",제주 서귀포시 중문관광로 93
1480034,The garden starts with a huge glasshouse which is a torture in the summer but we went anyway on carpe diem basis. It's awesome inside and it has little sections. Then outside there are European Japanese and Korean gardens with walkways. Coming from Europe I was not really amazed or entertained by the eurogardens but I guess with Asian perspective they were impressive. The reason I gave 4 is that the entry is expensive and they only sell water at 1 place. Also the toilets are quite dirty,제주 서귀포시 중문관광로 93
1480035,the indoor as 5 themes each of them very tidy and pretty. the exterior has different zones and a large lawn. i went there thinking just another botanical garden but i was well impressed i recommend.from here you can have a nice view from the entire red bridge and from the top of the indoors garden you can have a 360' view from entire city and surrounds on a clear dayreally worth to visit,제주 서귀포시 중문관광로 93
1480036,"You need to pay an entrance fee which doesn't include the train ride (which is an additional small fee if you opt to use it). The train can take you on a short ride to view the gardens. Inside the greenhouse, it's quite warm and you can climb up some stairs to view Jeju Island from the top. There was some renovation being carried out in the lifts.  Can spend 1-2 hours here if you're not a garden fanatic!  It's located next door to the Cheonyijeon Waterfall.",제주 서귀포시 중문관광로 93
1480037,"The greenhouse structure and the design of the gardens were very nice.  However, it seemed that the staff was having trouble keeping up with it.  It may be just a bad time of year for them.  Still well worth the admission fee.",제주 서귀포시 중문관광로 93
1480038,Close to hotels - a very relaxing place to wander around and enjoy. Peaceful and friendly for all ages,제주 서귀포시 중문관광로 93
1480039,"The entry fee is abit on the high side, but if you love gardens, plants, nature, and especially flowers, it’s worth every penny. My absolute favourite place to visit in Jeju. I love flowers so we spent around 4 hours here. There’s a huge variety of flowers, and the gardens/areas are very well laid-out. Besides the greenhouse, there is also an area outside where all the different-themed gardens are (Korean, Japanese, French etc), there are about 12 gardens in total I think, and all of them are really beautiful. I think this attraction is still relatively new, as I could still see gardeners setting up the flower beds and so on. But this also means that it’s not crowded yet and there are relatively few tourists compared to the other attractions. Flower-lovers, this is a must-visit!",제주 서귀포시 중문관광로 93
1480040,"Maybe in the spring or summer would be better but it was really badly maintained (rusty lamp posts, signages, litter all over floors, shrubs and ponds) really sad. Don't waste your time or money (9k won per person) coming here.",제주 서귀포시 중문관광로 93
1480041,I love botanical gardens and this one is good-lots of different themed gardens which are nice to wander around and explore. You can also stumble onto the view of the nearby bridge which I have forgot the name of but it was near the French garden. There is also an observatory which you have great views of all over Jeju including Hallasan. Lovely way to spend a few hours.,제주 서귀포시 중문관광로 93
1480042,"This place is full of colorful flowers, plants, trees. Various catagories of plant life, a scenic place.Really liked it.",제주 서귀포시 중문관광로 93
1480043,"Wonderfull Park! If you visit Jeju Island, i recommend you to visit Yeomiji. A lot of themes. So many places to take a good pictures.",제주 서귀포시 중문관광로 93
1480044,I came here without any plans. It was better than I expended. The warm house is beautiful and elegant. Must go up to the roof and you can see the astonishing view!!!,제주 서귀포시 중문관광로 93
1480045,"At first, going through the green house,  we were a little disappointed until we walked the grounds outside.  The French  and Roman gardens were absolutely beautiful.  It was so peaceful and relaxing.",제주 서귀포시 중문관광로 93
1480046,"I wouldnt get out of my way to visit, but if you are in the area and enjoy gardens, you might want to visit.Outside, the japanese and korean gardens are lovely. The french and italian gardens are too kitschy for my taste. Inside, the water flower garden is especially nice. Make sure to take the elevator up to the ""observation platform"" -  if the weather is clear, you can get good views of Hallasan.",제주 서귀포시 중문관광로 93
1480047,"Yeomiji, located in JoongMoon sightseeing complex, is one of the most impressive place in my memory. - Entrance ticket fee is under 10USD, which is quite reasonable. - Area is divided by its own theme like tropical, Japan, Korea ... - Why don't you order a cup of coffee(or ice cream) and take a rest at the center of greenhouse garden- Observatory has nice view. but it is easily get crowded.Tip: you'd better to go CheonJeYeon waterfall(천제연폭포) after here. that place also has beautiful natural scenery :)",제주 서귀포시 중문관광로 93
1480048,"The weather was raining on the day I decided to do sightseeing on Jeju, so I was left with only a visit to the botanical gardens. You can reach it from the airport limousine bus route and behind the fast food shops near SK Energy shop.Luckily the garden exhibition was under glass roof, so it provided a good informative shelter from the rain.The botanical gardens are organised into themes, eg. Aquatic garden, cactus garden, etc. I guess this eliminates confusion for tourists and displays the plants in an educational fashion too. On a sunny day, there is more to do on the outside.There is a curio shop inside the gardens for some gifts but I did not see a coffee shop at the attraction.It will be educational for the kids!",제주 서귀포시 중문관광로 93
1480049,Whether you like flowers or not this worth a visit as they have loads of different flowers from around the world.,제주 서귀포시 중문관광로 93
1480050,"The indoor gardens are great when the big rains come.  Went back the next day and enjoyed the outdoor gardens as well.  Unfortunately, there is a person screaming via a loudspeaker at the entrance, which spoils what could be a peaceful, serene experience.",제주 서귀포시 중문관광로 93
1480051,My wife and I thoroughly enjoyed our time at these gardens. The effort that has gone into creating different exhibits both indoor and outdoors in extraordinary. It has an extremely relaxing feel and a great view of the volcanic mountain.,제주 서귀포시 중문관광로 93
1480052,"Beautiful indoor gardens with several rooms leading off of main garden with specialized environments. The rooms leading from the main garden that I can recall right now are a tropical plant room with orchids, a fern room, water plant room with lilies and hyacinth, and even a cactus room. It is a large indoor garden with many colorful and unusual plants to see. It was raining the day we were there so we were happy that it was enclosed. There are beautiful Korean and Japanese style gardens, among other types of gardens too, outside. Jeju Island has many beautiful places to visit and this botanical garden was a great excursion for us.",제주 서귀포시 중문관광로 93
1480053,"Beautifully laid out. Many different styles of gardens, all beautifully maintained. The class house houses a fantastic variety of plants from all around the world.",제주 서귀포시 중문관광로 93
1480054,"The botanical garden is a place where a wide variety of plants are displayed for understanding how vast is our plant kingdom.it may also help to understand the geographical peculiarities of different countries all over the world. The best thing I have seen there was they provided each species scientific details along with the source country. It will be so exciting to see our country plant representing in a botanical garden situating in a foreign place. Furthermore botanical garden is situated in a very beautiful place with a wide variety of gardens and trees, as I said earlier all the plants and trees are named perfectly.",제주 서귀포시 중문관광로 93
1480055,"The garden has probably seen better days, as some of the facilities look worn down. However, the plant life is beautiful and healthy. I enjoyed the cactus garden the best. It was a bit pricey for what it is. I’d recommend seeing the natural attractions instead.",제주 서귀포시 중문관광로 93
1480056,"Here you can find a lot of beautiful flowers and tropical flora. It is very suitable for green lover. Besides, you can find some tropical fruits over here with some information. After visited four themed garden park at the ground floor, you may proceed to the top floor using the lift at the center. You can see the beautiful view at the top floor. Also, you can take a train tour outside the building. :)",제주 서귀포시 중문관광로 93
1480057,"There are pretty parts to the garden, but it's definitely not worth the 9,000 won entrance. It's very stereotyped. Hallim Park is far better for a half-day trip and a similar price.",제주 서귀포시 중문관광로 93
1480058,"It's nice very beautiful inside and out, one of our favorite place some of our best pictures together taken here.",제주 서귀포시 중문관광로 93
1480059,"Zoned gardens, lovely to stroll about and inside the dome was quite unique. Also an excellent view from the top of the dome.",제주 서귀포시 중문관광로 93
1480060,"The Botanical gardens is set up in to different gardens and a large doom/ indoor area set up into zones. The plants on show were very nice but I have seen a lot better. This could be because of the South Korea climate. Look at the surface and it's well kept then you notice dirty water in the ponds. What I did enjoy was watching some of the workers weed some of the areas they are so methodical. As we were part of a day tour this was just one of our many stops and our time was limited. Perhaps I would have enjoyed it more if I didn't have such a tight schedule. I would rate this attraction as Good but there isn't a good rating and average would do it a disjustice. I thought the entrance fee to be very high considering the country it's in. You don't pay much more to go in Kew Gardens, London's Botanical garden that can actually take you days to get round.",제주 서귀포시 중문관광로 93
1480061,"Great place to enjoy walking and see different species of plants, trees, we enjoy palms, something special, very quiet place",제주 서귀포시 중문관광로 93
1480062,"For a rather expensive entrance fee of KRW9,000, was somewhat disappointed with what it offered. Basically, the park is divided into 2 main areas, the inner garden and the outdoor garden. The inner garden is essentially the large glasshouse, with different sections of the glasshouse each housing a different theme, i.e. cactus garden, flower garden, aquatic garden, etc. In the centre of the glasshouse, you can take the lift / stairs to the top, where you can get a panoramic view of the entire estate. The sight was rather impressive, but the glasshouse did not seem to be maintained well. The outdoor garden is basically the land around the glasshouse. It is divided into various gardens with different themes (i.e. Korean, Japanese, etc.). In general, they were rather uninspiring and gimmicky. The French Garden was ok, but like the rest of the park, didn't seem to be maintained very well.There is a train that goes round the garden but when we tried to board it, we were told that we needed another ticket. Quite disappointing after having paid a hefty entrance fee. We decided to just walk instead.All in all, the park seems past its prime, and maintenance could have been better. I'd imagine that it was quite grand when it was first built.. especially the glasshouse.",제주 서귀포시 중문관광로 93
1480063,A lovely place to visit with lovely areas for all types of visitor. Especially family friendly and particularly beautiful first thing in the morning.,제주 서귀포시 중문관광로 93
1480064,For those who loves nature.. This is where you can see plants you've never seen before. The area was so huge but it did not deter us from walking and exploring. They kids also loved the exotic plants and were excited to see the carnivorous plants that were indoors.,제주 서귀포시 중문관광로 93
1480065,"This garden was well maintained with a wide range of flowers, plants and cactus. Relax and take a slow walk to admire the surrounding. A nice attraction not to be missed if you like garden.",제주 서귀포시 중문관광로 93
1480066,"The park is divided to theme gardens from different areas (China, Japan, Italy, ...) Huge greenhouse has tropical fruit in glass domes so yo can learn how cocoa and bananas grow. There are also glass-fibre dinosaurs and crocodiles hiding in some of the more jungle-like parts. From the viewing platform you can see all the gardens and surroundings. Place was a must-do for schools trippers, who were plenty when I visited. A relaxing stroll in beautiful surrounding.",제주 서귀포시 중문관광로 93
1480067,"I would not call it a must see attraction, but go there if you have spare time. I really liked their collection of cacti and insectivorous plants. The glasshouse arrangement is really impressive. The tropical section had fruit-bearing mango trees which was a sight to behold (inside the glasshouse). The French garden, the Italian garden, etc are good for a stroll. Didn't find anything there specifically impressive.",제주 서귀포시 중문관광로 93
1480068,Every theme garden was in the peak of health and beauty.Allow several hours. Inside and outside gardens.Great view from the top of the tower.,제주 서귀포시 중문관광로 93
1480069,"8000 KRW for entry, it makes Yeomiji one of the most expensive attractions on Jeju Island. The Italian Garden was a laughing stock and several of its gardens are in a terrible state.The only redeeming attraction of this place is its glass dome which has tropical gardens etc. However, if you are on a short trip in Jeju, you should give this place a miss and go see some real nature outside.",제주 서귀포시 중문관광로 93
1480070,Shows good selection of plants from various regions. Good organization of displays. Conveniently located near Hotel. Provided relaxed pace in touring the place. But limited information provided on plants.,제주 서귀포시 중문관광로 93
1480071,"This was one of the only attractions that was open the day after Typhoon Bolaven moved away from Jeju this summer. On the day after there was still some strong wind and it was overcast, but people were out clearing debris off the roadways and sidewalks. Our hotel called ahead to this Botanical Garden and they said they were open, so we took the bus over and sure enough it was! It was a huge greenhouse building with an observation area at the top you can climb stairs to and see all over the area including the ocean. There were different climate areas inside with plants from that part of the world (jungle, dessert, local climate, flowers, etc), a small cafe with coffee and ice cream, some shops, and restrooms inside. Outside there were nice grounds with a big grassy area where people could sit, and other themed gardens (Korean, Japanese, French, Italian). Very pretty. Signs inside in English and Korean and Chinese describe some of the plants.  There were lockers inside for rent with coins. They weren't huge but we saw some backpackers taking a medium sized pack out of one.They were renovating part of the building but we didn't smell or hear anything bothersome. All in all it was a nice place to visit if it's raining or just post-typhoon outside, if you love plants, or have some extra time to see sights on Jeju.",제주 서귀포시 중문관광로 93
1480072,"I love visiting botanical gardens whenever i travel.  Unfortunately this is one of the poorer ones and I feel compelled to warn others!  With an entry charge of 7000 won per person, the value is low.Let's start with the greenhouse, it was just ok, nothing exciting.  During sunny days, the greenhouse is like a toasty oven as the ventilation is poor.  There is a variety of plants but they are not well organised or well kept.  Moreover, if you live in tropical parts of Asia, you would have seen most of the fruit trees and plants in neighbourhood backyards, which makes visiting it less exciting.Besides the greenhouse, there are themed areas - e.g. Korean garden, Chinese garden, French garden etc.  I was excited to see these options but after seeing what there was at the Korean and Chinese gardens, i just gave up on the rest.  I don't have the confidence the others will be worth the time.Management of the garden needs to be improved.  When I was there, they were renovating the entrance to the greenhouse.  As a result, the smell from the paint, varnish or whatever that toxic smelling thing is, is overwhelming.  Also, there was lots of noise.  Garden management would have better managed the renovation or at least inform visitors there is renovation going on.  I tried to offer feedback to the folks at the ticket counter on my way out but they didn't seem to care.In summary, there is nothing much to see and the garden is not well taken care of (even if there is no renovation going on, I would have rated it 'Poor').  Go to this place only if you have nothing else to do.The only plus I can think of is ... parking at free!",제주 서귀포시 중문관광로 93
1480073,I was fortunate enough to visit in the middle of summer on a beautiful hot day.  Very romantic and pretty.  A peaceful place which appeared to be very popular with a large number of tourists.,제주 서귀포시 중문관광로 93
1480074,"The garden is huge and beautiful. Unfortunately, it was a rainy day when we visited the garden. Different variety of plants from different part of the world are collected in a dome. A full tour throughout the dome takes around 90 minutes. There is also an observatory above the dome for people to overlook the Jungmun Tourism Complex. Though the garden is huge, I found most of the plants are not native to Korea. It is a pity that foreign tourists can not know more native plants  by visiting this garden.",제주 서귀포시 중문관광로 93
1480075,This botanical garden is a great place to learn about the local flora of Jeju and Korea.  The entrance fee is quite reasonable and there are lots of places to eat both inside and outside the garden.,제주 서귀포시 중문관광로 93
1480076,There really isn't much flora and fauna (this was in March) to speak of. Even indoor plants don't seem to flourish. The only nice thing about this place is there is a big park in which you can lie down on and enjoy the sun!,제주 서귀포시 중문관광로 93
1490001,"불행하게도 제철에 간 게 아니라서 그냥 들판? 허탕만 치고 온 느낌이었습니다. 검색하다가 사진보고 간 곳인데, 2월에는 영 실망이었습니다.",제주 서귀포시 표선면 가시리
1490002,길 양옆으로 유채꽃이 피어있어 제철에 가면 드라이브할 때 기분이 좋습니다. 중간중간 차를 세우고 사진을 찍을 만한 포토 스팟들도 있습니다.,제주 서귀포시 표선면 가시리
1500001,"제주도 동쪽에서 제일 큰 규모의 핑크뮬리 카페가 생겼다. 정원카페인 글렌코는 10월 방문하면 아름다운 핑크뮬리를 만날 수 있고, 겨울에는 동백꽃이 있다. 오픈한지 오래되지 않은 곳이고, 카페 입장 시 1인당 1음료수 주문이 필수다. 음료수 가격에는 정원 입장료가 포함되어 있는 셈이다.",제주 제주시 구좌읍 비자림로 1202
1510001,There is no infrastructure and lifesaver all around. Good for walk at sunrise or sunset with nice in any direction :),제주 서귀포시 성산읍 고성리 224-33
1510002,Great view of Soengsan Ilchulbong.  Beach changes colour from black to brown to yellow. There is aslo a small seafood restaurant with great food.,제주 서귀포시 성산읍 고성리 224-33
1510003,"We were there in mid-March, hoping to see the mossy beach of Gwangchigi. Sadly we were out of luck. It was high tide then. But still the sunrise view was breathtakingly beautiful. Would certainly come back again to see the moss. Anyone knows when is the best time please suggest. Thanks in advance!",제주 서귀포시 성산읍 고성리 224-33
1510004,This was a stop on our Yeha bus tour - East Course - we stopped for maybe 15 - 20 minutes and it was a beautiful spot to take some pictures and see Seongsan Ilchulpeak.,제주 서귀포시 성산읍 고성리 224-33
1510005,"Went there to watch sunrise with Sunrise Peak background and foreground with water and rock.  The beach is large and we could find a spot without disturbance of others.  However, there is no official car park space.",제주 서귀포시 성산읍 고성리 224-33
1510006,"Gwangchigi Beach is hours of fun for the whole family; at low tide! My son (6yr) learned to navigate the moss on the rocks within minutes. No one, I repeat no one, got hurt. There was bird watching & go figure snail finding. An excellent morning/day/night.",제주 서귀포시 성산읍 고성리 224-33
1510007,Its a relaxing to catch the sunrise here best if you have rented a car. There is also a coffee van which will be there around 6am. you can get yourself a hot drink or quick breakfast if the cold winds of the morning gets you!,제주 서귀포시 성산읍 고성리 224-33
1510008,"I chanced upon this wonderful beach along Ilchul-ro Road while my family and I were on our way to Breeze Bay Hotel. I returned to the beach in the late afternoon and my family and I went to the same spot again the next day early afternoon. On both occasions, I parked our car at a car park that’s got just a few cars. Gwangchigi Beach is very long and the spot that I was at was near to a erected stone put up by the Rotary International. The good part was that there were very few people on this secluded beach. The better part was that Gwangchigi Beach is a black sand beach (yes, we finally experienced a black sand beach). The best part was the beach offers a marvellous view of the south-western face of Seongsan Ilchulbong. Using a pair of binoculars or a telephoto camera lens, you could see visitors climbing the stairways as well as the summit of Seongsan Ilchulbong.Moreover, walk along the beach and you will find unusual rocks and rock terrain just beyond the black sand. I believe the rocks arose from the explosion of an underwater volcano long time again that created the Seongsan Ilchulbong. During the late afternoon or sunset, the sunlight produced a beautiful array of black, brown, orange and green (algae-covered) colours of these rocks. Because late afternoon is where low tide occurs, the sea water was trapped within the rocks as ‘ponds’ – and there were beautiful reflections of Seongsan Ilchulbong on the still water. Alternatively, you could walk on the rough brown ‘mat’ (not sure what’s the material) that was laid on the grass. It was along this mat path that I saw a horse that was tied to a pole. I guessed the horse was used for horse-riding but I didn’t see such activity as it was already past 5 o’clock in the afternoon.Gwangchigi Beach is one beach in Jeju that is under-rated and not well known. It warrants being among the top 10 beaches in Jeju. Anyway, I recommend visiting it as part of the Seongsan Ilchulbong experience.",제주 서귀포시 성산읍 고성리 224-33
1510009,Gwangchigi Beach is a beach near Seongsan Ilchulbong.We park our rental car on the side road.There are a few cars & tourist bus park along the road.We can see beautiful view of Seongsan Ilchulbong from this beach. The beach is long and it has black sand.The beach is unique to it own because of the green stone/rock at the shore.It produce picturesque photo because the green stone contrast with the blue sea.This beach appears on drama Warm & Cozy starred by Kang Sora and Yoo Yeonseok.,제주 서귀포시 성산읍 고성리 224-33
1520001,"약간의 경사길을 따라 걷는 것은 다른 오름과 다를 바가 없으나 끝부분에 도착하면 숨겨진 장소처럼 푸르고 평탄한 초원이 나타나서 놀라운 곳입니다. 오름을 가면서 강아지를 데리고 오신 분이 많아서 무슨 일일까 했는데 나중에 숨겨진 초원을 보고 나니, 이곳에서 강아지들 뛰어놀게 해주고 싶어서 데리고 온 것 같았습니다 (물론 목줄은 다 하고 있었음) 치마를 입고 데이트 분위로 오신 여성분도 많이 보았을 만큼, 산책하듯 걸어다닐 수 있는 곳입니다.",제주 제주시 애월읍 유수암리
1530001,"My friends and I pirposely went to this theme park as we are fans of the Bae Yong Jun drama- The Legend, when we planned this trip, we asked the tour agency to include this on our itinerary. The facade was like a fortress from the Joseon dynasty except for the cars in the parking lot, the ticket booth and te posters saying this place was the location for the drama "" The Legend"" with a big picture of BYJ. We feel like we travelled back in time, the entrance is the main village with the bridge and man-made lake, the houses are surreal as you can see inside its like 3D not only the facade of the house then as you turn right you will see the village for common people , its more hanok styles, there is a market place with plastic meats, beefs but lloked real and the center of the village has a big traditional bar , it has second fllor where you can go up and see the view of the rest of the village, there were chairs and tables with some traditional glasses and wine bottles where you can do some photoshoots, there were tradional rickshaw downstairs, and a well with water, then there's a big gambling house with tables, some traditional games, with a big wheel with numbers you can bet on it, then a high ranking official house where you can go inside, there were furnitures, a fire place, there's living room, bed rooms and a TV where the drama is being shown, they really used this for the drama, thenat the center if the whole theme park was the big palace, as there were big gates leading to the palace with the whole field with cobbled stones, the palace is just so surral, you can enter it, you can see receiving rooms for the royalties, the emperor's chair, the rooms for the royalties with huge bed, books made of bamboo so it looked like window blinds, then there' s a roomfilled with hanboks where you can wear them and take pictures with it, there were mannequins of the characters in the drama, there's a dungeon too where they filmed the slaves or criminals being  punished, there were other rooms as well like the dining room with huge and long dining table, ere's a garden too with waterfalls, whoa! its really like the whole Joseon dynasty vibe! We took a lot of time taking pictures of the whole place with every nook and cranny of this place, its really a place for those who are fans of the drama or BYJ or even if you are curious how they live during those times, its like we time travelled back to those kings, emperors, slaves, scholars. the entrance fee to the park is USD10 and you can stay as long as you like. We used a private car courtesy of our tour guide but its quite far from the city as I remember we travelled for at least an hour from our hotel Shilla,but its worth it.",제주특별자치도 제주시 구좌읍 선유로 505
1540001,"As the name implies, this street is a street of restaurants & dining. There are so many ""nice"" appetizing looking  restaurants as we explored the place.A very helpful ""road map"" at the main road entrance shows the restaurants names & types of food & exactly its location within the street.This street is nearby Seogwipo Maeil Olle Market. Seogwipo main town is quite small, so most of these ""attractions"" are quite close by.",제주특별자치도 서귀포시 서문로 17
1550001,"There is a secret bunker at on Jeju Island, which once housed old national communication facility and had remained unknown to the public for a long time. This large structure is covered with soil and trees, thus disguised to look like a mountain. This old national facility will be reborn as “Bunker de Lumieres”, a media art exhibition hall that will become Jeju's new landmark for culture and art.",제주 서귀포시 성산읍 고성리 2039-22
1550002,"Bunker de Lumieres is a bunker with the images of the works by the featured artist projected on all sides of the walls.  The display alternated between 30 minutes of Vincent Van Gogh works and 10 minutes of Paul Gaugain.  The images were absolutely stunning and it didn’t take long to get into an almost hypnotic state staring at the moving images.  The calm music playing enhanced the experience.  The Van Gogh part was definitely more entertaining because of the familiarity factor.  Other than the relatively remote location along with the steep entrance fee, it was a worthwhile visit and a unique way to appreciate some well known fine art.",제주 서귀포시 성산읍 고성리 2039-22
1550003,"t's really nice here. I didn't expect much from my mother even before I arrived, but it was really good.  Gogh and Gauguin's works are reconstructed  with light. And I didn't realize the time was passing. If you have a chance, go there!",제주 서귀포시 성산읍 고성리 2039-22
1550004,Thoroughly enjoyed this gallery. Visually spectacular especially with accompanying music. A very different way to view art.,제주 서귀포시 성산읍 고성리 2039-22
1550005,Very well put together with a fantastic collection of music which really compliments the art making it a fully immersive experience. Well worth a visit.,제주 서귀포시 성산읍 고성리 2039-22
1550006,"Don't miss this show if u are in Jeju. Only available & performing until October 2020....awesome immersive show.  @ 빛의 벙커 Bunker de Lumières. The floors and walls become the canvas of this highly immersive digital art that come to life, as Van Gogh's art work are displayed all over and synchronised with beautiful clasical music. Definitely worth the more than an hour show.We enjoyed it tremendously!",제주 서귀포시 성산읍 고성리 2039-22
1550007,"Entrance was KRW15,000 which was extremely expensive for the show. There are simply not the facilities here to walk with the number of visitors and the parking is extremely limited so you have to park on the main road and walk quite some distance to reach it.  Expect no support from staff in any language except korean.",제주 서귀포시 성산읍 고성리 2039-22
1550008,"The experience is new and the music is nice. However, I go bored after some time because I am not a art person and do not quite grasp what the artists are trying to express. Driving through narrow road to get there.",제주 서귀포시 성산읍 고성리 2039-22
1560001,"제주도 지도에서 찾을 수 있는 동굴이지만, 학술적인 이유로 인해 관광객들은 출입이 금지된 곳입니다. 입구에 서보면 시원한 바람이 나온다고 하는데요 어차피 찾아가봤자 철망으로 봉쇄된 입구밖에 볼 수 없으니 찾아갈 필요는 없습니다",제주 제주시 조천읍 선흘리 365-1
1560002,"세계자연유산으로 등재되어 있지만 일반인은 출입이 금지되어 있습니다.거문오름 국제트래킹 기간에만 입구까지 갈 수 있습니다.이곳 앞에 서면 에어컨보다 더 강한 바람이 붑니다.특별개방되는 용암길의 일부로 쉬어갈 수 있게 통나무 의자가 비치되어 있고쉬어가는 사람들은 시원한 바람에 매료되어 쉽사리 일어서지 못합니다.개인적으로 너무나도 보고 싶지만 어디까지나 욕심이고 하나둘 사람이 늘어나면 훼손되는건 시간문제, 그래서 아쉬움을 달래봅니다.입구까지 본게 어디냐~",제주 제주시 조천읍 선흘리 365-1
1570001,"This is the second time my family and I have visited Gapado Island since we had a good experience during our first visit back in November of last year. Unfortunately, our image of Gapado overall is now completely ruined due to an extremely unpleasant experience at the restaurant named “Gapado Yonggung House” (가파도 용궁정식&민박) Upon arriving at the port at Gapado, we saw many restaurant advertisement posters. We found one restaurant poster with nice food images, so I called the restaurant to get directions. The owner (male) who answered the phone was quite unfriendly and told me bluntly to just look them up on naver map and find our way. He said that even if they give me directions, I wouldn’t know they are located. So my family and I found our own way to the restaurant after a 20 minute walk. It turned out that this restaurant was located furthest away in Gapado Island. We ordered our meal and started to set our own plastic ware. Due to Covid-19 sensitive period, we always bring our own disposable chopsticks, spoon and paper cups to restaurants. The owner (lady) out of the blue bluntly asked us if we bought our own cups in a rather accusing manner. We said yes we brought these cups and asked “why do you ask?”, to which she said “Oh, we have some cups in our kitchen and wondered if you took them” I found this question to be rather offensive as I feel she was insinuating or implying that we just took (or stole) them from their kitchen without their knowledge. However, we overlooked her strange question and went about eating our meal. We then wanted to order soft drinks. However, I could see that all staffs, owners included looked quite busy. Therefore, in my attempt to be helpful, I went to the fridge and removed two soft drinks from the fridge while at the same time informing the owners of my action of taking the 2 drinks, to which they acknowledged. To be perfectly clear, I was telling them to charge me for the 2 soft drinks I was taking. However, only a few minutes after this action, I overhear the lady owner speak to her employee in a very loud voice to not stock up the fridge with so many soft drinks because people keep taking them from the fridge, while she herself was removing half the stock from the fridge and putting them away in the back storage. At that moment, I felt she was saying this intentionally to let me hear her, as her way of telling me that she was not pleased with the fact that I have removed the 2 soft drinks directly from the fridge. So at that point, I told the lady owner that I wanted to clarify that when I took the drinks from the fridge, I was telling her to charge me for it and that it didn’t feel nice to hear her make that comment so intentionally. This is when we have experienced the most horrifying and unnatural turn of events. The lady owner got extremely angry at me and started yelling and shouting at me saying that she wasn’t talking about me, that she was talking about her other guests, etc. She could have very easily cleared up my mis-understanding in one nice sentence. Rather, she was ready to bite my head off and was talking (more like yelling, shouting) at me ten times louder than my voice. I was so shocked by her behavior that I said I just wanted to clarify any potential mis-understanding about my taking the soft drinks, which I was telling them to charge me for, and that I actually did that as a gesture to be helpful since they looked so busy (obviously a huge mis-judgement on my part).  The lady owner would not let this go and kept on yelling and arguing with me, her voice escalating louder and louder every second. I told the owner that we took the time to visit their restaurant and did not appreciate being treated like this. To this comment, the male owner jumped in and said that fact has nothing to do with this matter. Neither the lady nor the male owner offered one single word of apology nor made any attempts to provide explanation for their rude behavior, nor try to rectify this intense situation. The lady owner having her say just ran off and hid in her room after having her furious tantrum with us. Although extremely disturbed by what just happened, as we have never experienced such rudeness ever in our entire lives, we still managed to complete the remainder of the meal in silence, all the while feeling ill at ease and uncomfortable. (FYI, my entire family and I suffered from indigestion later this same day due to this incident). After the meal, I paid for it at the counter and left the restaurant with my family, and not one single person at the restaurant acknowledged that we were leaving their restaurant, and no one (owners, staffs) even bothered to say a simple “thank you or goodbye”. I am a firm believer that the most important part of any meal at any restaurant is quality of service. However, the level of horrible service we have experienced from this restaurant is completely unacceptable. From the many restaurants we could have chosen from at Gapado Island, I certainly feel choosing this restaurant is the one mistake I will live to regret. This unpleasant and rude encounter was bad enough to leave a bad image of the entire Gapado Island for us, while at the same time ruined a perfectly peaceful and happy family trip. All in all, it was a very unpleasant experience from beginning till the end at this restaurant, and I strongly do not recommend this restaurant to anyone visiting Gapado Island.",제주 서귀포시 대정읍 가파리
1570002,"One of the Olle-gil trails (trail 10-1 to be exact) goes through and around most of the island although two or three hours are enough to walk on every single path on the island.  The island is mostly covered by wheat fields with two small villages at two ends of a main road that bisects the island.  Several houses on the main road are decorated with informative murals that describe the culture and history of Gapado making it an interesting walk.  The center of the island has a view point about 20 meters above ground that’s not much different from seeing things at ground level.  Handful of Harubang statues and some rapeseed flower fields make some good photo spots.  Other than the few dozen houses, the small elementary school is the only notable building.  As it only takes a couple of hours to walk around the entire island, eating a meal is about the only other thing to do.  Few seafood restaurants serve up some raw fish but the Gapado Haemul Jjajang restaurant was the most popular spot during my trip serving up Koreanized Chinese food with plentiful seafood toppings on the jjampong (spicy broth noodles) and jjajangmyeon (black bean noodles).",제주 서귀포시 대정읍 가파리
1570003,"This is not as well known as Udo and having visited Udo prior, I was equallly impressed with Gapado. I was there for the green barley festival but it was already mid May so the fields weren’t green. I think week 1-2 of April may be a better time to visit. It’s easy to walk around the island and you won’t need to rent bikes.",제주 서귀포시 대정읍 가파리
1570004,"The island was recommended by a friend, it’s fairly small with gorgeous ocean views. You can hire bikes to ride around the island, we chose not to and just took a slow stroll around stopping at one of the many pavilions facing out to sea for some lunch with a view. If you are a seafood lover you’ll be in heaven with several places to eat freshly prepared food however if you don’t eat seafood I’d recommend taking something with you (we had been warned). The green barley festival was on while we were there so lots of fields to see and take photos in. A perfect way to spend 3 hours in the sun (be warned there is no shady spots except for the pavilions so take a hat or buy one from the locals like I did)",제주 서귀포시 대정읍 가파리
1570005,"Every year there is a Green Barley Festival in April till Early May. So beautiful.There is a place called Gapado Seafood Jjajang & Jjampon restaurant other side of the port. This place has been on the Korean TV show for many times.They put so many different fresh hand caught seafoods and different kinds of seaweeds on the noodle. During the peak time when there is a Festival going on, a bit of waiting, however It's definitely a must try place which is the most famous restaurant in this island.",제주 서귀포시 대정읍 가파리
1570006,It needs not only to describe better to feel it! so many emotions which aare describes only one word is: Woow!,제주 서귀포시 대정읍 가파리
1570007,"The 1 star is not a reflection of Gapado but of the ferry company's bureaucracy.  Travelled all the way to Moseulpo to get ferry across to Gapado this morning only to be told at the ticket office, after we completed the registration forms, that we must also show our passports before they sell us tickets. Can't understand the logic of this - it's only a 20 minute domestic journey- and very frustrating as no mention anywhere of this requirement. Even Seogwipo tourist office staff made no mention when we enquired on timings etc. Very disappointed....",제주 서귀포시 대정읍 가파리
1570008,"It's a place that is almost carbon-free. Electric cars, wind and solar panels are used for energy. It's small enough to travel around on foot or rent a bicycle. A ferry from Jeju takes about 20 minutes. Nice local restaurants to try.",제주 서귀포시 대정읍 가파리
1570009,"If it’s springtime—or even summer or fall-- that means it’s also time to think about visiting beautiful Gapado, or Gapa Island, which sits just off the southwestern tip of the Korean resort island of Jeju.   Located some 5.5 km (3.42 mi.) offshore, Gapado is a quick ferry run from the port village of Moseulpo (maybe 20 min.)Gapado nearly got the distinction of being South Korea’s southern-most point, but that title went to nearby Marado.  Some tourists want to go there just to say they’ve been, but Gapado is noteworthy in its own right.  Gapada is home on its .84 sq. km  to about 250 residents.  The island has a picturesque school, a church and a Buddhist temple.  There are a couple Korean restaurants and small stores.  But, it’s a good idea to take bottled water and snacks with you, particularly if you plan to hike or bike all the way around the island.  You can bring your own bike, or perhaps rent one there.  Walking (Gapado has a 5k hiking trail that is part of Jeju’s famous Olle Course) or biking/electric scooter likely will be your only transportation choices, as there are no fossil-fueled vehicles on Gapado… But more about that in a bit.What makes it so special there?  Gapado offers spectacular views of the iconic mountain peaks or “sans” back to the north on Jeju, including Sanbangsan, Gunsan, Songaksan, Gogeunsan, Dansan and the Big Daddy of All Sans, Halla…the massive, central shield volcano that formed Jeju Island and the highest peak in South Korea.Equally impressive are Gapado’s golden-green barley fields, surrounded by traditional “batdam” stone agricultural walls.  The crop begins sprouting in late winter and reaches its full glory in late spring.  Gapado’s tradition of barley cultivation dates back to the 1840s and is celebrated annually with the Gapa Green Barley Festival. (Dates for 2015 are April 18- May 10.)Back to that transportation thing…well, barley is not the only thing green about Gapado.  Wind turbines, solar panels and other renewable, sustainable forms of energy are now being used on the island as part of a plan to make it one of the world’s first carbon-free islands, maybe THE first…. Summing up:  Good points:  outstanding natural beauty and photo ops in all directions; fresh air; clear aqua-hued seas that reveal black lava rocks; abundant hiking; colorful neighborhoods festooned with murals, recycled art and traditional Korean cultural artifacts;  site of annual Gapa Green Barley Festival  (April 18-May 10, 2015)Be sure to have on hand:  bottled water and small snacks; comfortable shoes; sunblock;  sunglasses; and a hat that won’t blow off easily; a stroller for very young children, layered clothing for coolish days.  There is little shade on the island, so be on guard against dehydration or sunburn on those hot or even excessively windy days.  Getting there:  Take an Intercity Bus from most points on Jeju Island to Seogwipo Main Terminal, and from there, a local bus to Moseulpo .  There is a short walk to the ferry from the busstop.  Ferries generally run twice a day, but as schedules and fares can change, it’s probably best to check for specifics through the Korean Travel Hotline: dial 1330 in country or outside Korea: +82-2-1330 or 1339 (Korean, English, Japanese, Chinese)",제주 서귀포시 대정읍 가파리
1580001,"Озеро Baengnokdam находится на вершине горы Халла, в Национальном парке Халласан. Оно - как приз, который могут если не получить, то хотя бы увидеть те, кому покорилась гора. В зеленой чаше кратера серебрится огромная капля - это озеро Baengnokdam! Многие любуются на него словно в трансе: после восхождения и двигаться-то нет сил. Сфотографироваться на фоне озера можно только со специального помоста, сделанного для туристов, совершивших восхождение. За перила, ограждающие помост, заходить нельзя. То ли боятся, что туристы повредят природе, то ли опасаются за жизнь самих туристов? Хотя за перилами ровно такая же местность, как та, по которой путешественники только что забрались на гору. Все фотографии озера я уже прикрепила к объекту Hallasan, можно полюбоваться на красоту.",제주 서귀포시 토평동 산15-1
1590001,シイラホテルの高級なカジノです。中はひろく、地下もあります。ブラックジャックはシャッフルマシンが使われています。,제주 서귀포시 중문관광로72번길 75
1590002,済州のカジノに行ってみたく調べていたところマジェスターカジノのVIPプログラムがあったので利用しました。日本人のエージェントがいます。100万円のドロップと4時間プレイで、先出しでコンプが受けれますので条件としてはかなり良いほうだと思います。バカラ大会もあり人は結構きてましたが(8割以上中国人)ソウルのような混雑はなく、ソウルの中国人よりマナーよく見えました。また日本人には別でテーブルをあけてくれるのが有り難いです！ホテルは新羅ホテル。5つ星ホテルなだけあり、スタッフ、居心地ともによかったです。また利用したいと思います。,제주 서귀포시 중문관광로72번길 75
1600001,좋긴좋아요.다만 계단이 너무많아 힘들었어요.올라가면 날좋은날에는 멀리 다 보여서 좋네요. 굳,제주 제주시 구좌읍 세화리
1610001,"Couldn't even see any wildlife, not even seasonal or native birds. Not worth a trip here. You'd be better off heading to the Eorimok trail head to take a short stroll and breathing in the fresh mountain air there.",제주특별자치도 서귀포시 색달동 산 1-1
1610002,"Near to Halla mountain, a beautiful stop on the way between the north and south coast, little taril around a pond",제주특별자치도 서귀포시 색달동 산 1-1
1610003,"We had only a metre of visibility when we went, it was cold, rainy and foggy. My review probably doesn’t do it justice, we were just super unlucky that day. Don’t visit on a rainy day. There is however a restaurant with an exhibition on top and there is a restroom too. We didn’t even bother with the walk as it looked gloomy and we couldn’t see much.",제주특별자치도 서귀포시 색달동 산 1-1
1610004,Went there Sunday mid-morning. Car park was crowded with locals after /preparing for morning walk. Take a slow stroll to soak up nature's beauty. Boardwalk wide enough for wheelchair access.,제주특별자치도 서귀포시 색달동 산 1-1
1610005,"We have no idea that such place exist until we drove along the Hallasan range from North to the southern part of the island. Spotted the beauty along the road, we saw a parking space opposite the 1100 Altitude Wetland, decided to stop and take a look. There is a 1-km boardwalk which we stroll along the peaceful woods and admire the trees, stones, frozen stream, mountain range. As it is winter, we could not spot any birds, or wildlife.However, we are pleased with a little surprise that we have added a new destination of the day to our itinerary.",제주특별자치도 서귀포시 색달동 산 1-1
1610006,"We visited this 1100 when we cross from jeju to seogipo and it was good to see the beautiful nature. Because of time issue, we couldn't visit on top of Mt hanla.",제주특별자치도 서귀포시 색달동 산 1-1
1610007,"There is a good view at 1100m streetway of hanla mountain.in Winter day, you can see the snowflowers at hereby",제주특별자치도 서귀포시 색달동 산 1-1
1610008,"On Jeju Island's Halla Mountain--at 1,950 meters, South Korea's tallest-- can be found Korea’s highest paved roadway, known as 1100 Meter Road or the 1100 Highland Rest Area.  There, you can take a self-paced nature hike on an elevated wooden walkway through a “volcanic” wetland; with its many lava rocks, trees and wildflowers, this place has an otherworldly beauty that you and your camera will love.  You’ll likely see lots of ravens, magpies and maybe some roe deer (be sure to stay alert for them along the highway if you are driving). Across the road, there’s a colorful café and shop, offering local beverage favorites and snacks, as well as souvenirs.  (They carry a good selection of galot clothing, made locally using persimmon-dyed fabrics.)  From the café’s observation deck, enjoy a perfect view of some of Halla’s most famous landmarks, including Yeongsil Folding Screen Rocks and the 500 Generals Rocks.This area takes on a very different character with each season, and locals often drive up to see the magnificent ice formations that form on the trees and rocks in the winter and spring, when Halla’s higher-elevation trails may be closed to hikers.  But it’s also a good choice for visitors who have limited time to climb, even when the higher trails are open, because it is possible to experience these incredible scenes at the 1100 Meter Road area.Not only is this a beautiful area, these days the 1100 Meter Highland is part of the Jeju Biosphere Reserve, a UNESCO and World Natural Heritage Site.A couple of points:  this attraction is actually located on Highway 1139, which will also take you past Eorimok, Yeongshil and Mysterious Road. You can drive or take an intercity-bus from either the Jeju City (north) or Jungman Resort area (south) side.  If you take a taxi, you should make a roundtrip reservation, allowing 1-2 hours there.  It’s a good idea to take at least a light jacket, even on a summer day, and for late fall to late spring, have a heavier coat, gloves and even a hat.  And don’t forget your shades and skin protection; even in winter, the sunlight can be strong on Hallasan.",제주특별자치도 서귀포시 색달동 산 1-1
1620001,This property is actually a garden which seems to be abandoned years ago. We knew of this attraction through the Lonely Planet guide book.Plants were over-growing and the pond murky. We spent 5 minutes browsing around and left after using the toilet.I apologise for the lack of photos as there was really nothing much worth taking pictures of or to see.,제주 서귀포시 성산읍 혼인지로 39-22 혼인지
1630001,"Ce site permet de voir l'empilement des différentes coulées de lave qui se sont échelonnées entre 22.000 et 17.000 ans avant notre ère. Les coulées donnent parfois naissance à des formes curieuses ; elles contiennent également tout un inventaire de pierres et de coquillages. L'eau qui s'infiltre dans la falaise ressort à sa base sous forme de mini-fontaines. D'après la légende, ces fontaines représentent les larmes d'une jeune fille pleurant la mort de son frère, tombé de la falaise après avoir tenté d'y cueillir des herbes médicinales pour guérir sa mère gravement malade.",제주 제주시 한경면 노을해안로 1161
1640001,サラボン公園からターミナル側に下ると、灯台があります。小規模な灯台ですが、旅客ターミナルと海が見渡せて景色が良かったです。灯台から徒歩５分の停留所からシティツアーのバスがでていますので、市内中心部に戻ることができます。,제주 제주시 사라봉동길 108-1
1650001,"Выбрав для восхождения на Халласан тропу Seongpanak, где-то на высоте полутора километров можно увидеть ответвление от основного пути Saraoreum Entrance. Дорога ведет к озеру на вершине поменьше Халласана, а дальше - к обзорной площадке. Озеро красивое, но небольшое, можно сфотографироваться с деревянного помоста, можно спуститься к воде. Вдоль озера дорожка, по которой можно попасть на обзорную площадку. Мы были там во время дождя, но с видимостью повезло: было видно остров до самого моря, хоть и в легкой дымке. На помосте видовой площадки есть бинокли, но они платные. Вполне можно смотреть на бескрайнюю зелень Чеджу и своими глазами, без бинокля. Красота, от которой хочется прыгать и летать!",제주특별자치도 서귀포시 남원읍 신례리 산 2-1
1660001,아라리오 탑동시네마 옆의 뮤지엄으로 버려진 바이크 샵을 개조한 갤러리. 지역 작가들의 작품을 주로 전시함.  엘리베이터 없음.,제주 제주시 탑동로 14
1670001,"천연기념물 제98호 김녕 사굴입니다. 현재는 안전을 위해 동굴 입구는 폐쇄되어 있고 소련 판관 공적비 까지만 볼수있습니다.김녕사굴에서 ‘사굴’이라는 명칭은 동굴이 지니는 고사(故事)에서 유래합니다.본래 동굴 속에는 해마다 15세 된 소녀를 희생으로 바치지 않으면 심한 폭풍우를 일으키는 등 갖가지 변괴를 부리는 거대한 구렁이가 살고 있었는데, 1515년(중종 10) 3월 당시의 제주판관 서린(徐燐)이 주민을 괴롭혀온 그 구렁이를 퇴치하였다고 합니다.서련 판관은 구렁이 퇴치 후에 제주도성 안까지 도착하기전까지 뒤를돌아보지 말란 무당의 말을 어기고 뒤를 돌아보았다가 구렁이의 저주 로 죽게 되었다고 합니다. 이게 사굴 전설입니다.",제주 제주시 구좌읍 김녕리
1680001,"I had requested Tripadvisor to add this as an attractive as it was along the Jeju City Tour bus route. We decided at the last minute to get off at 'Sarabong Peak' as we wanted to see the lighthouse. However, we had a 10 or 15 minute uphill walk to reach the lighthouse during a cold December day but the view more than made up for the inconvenience. We only stayed for half an hour as we wanted to catch the bus back to town as it was already getting dark.",제주특별자치도 제주시 건입동 387-1
1690001,"1) The staff spoke limited English. When we got into the room, it appeared the A/C was not working. We told the staff and their response was that it was made such so as guests no need to turn on the A/C. A/C is only available during summer. They advised us to open the window / take a shower instead to feel fresher.1st night in the hotel, we couldn't sleep as the noise from the air (the hotel is near the airport) and road traffic entered our room as well as the dust.2) The casino opening hour was stated 10:00AM - 01:30AM. I tried to enter the casino at 11:00PM, got told that I would not be able to play (just seeing) as the casino is closing.3) Room is spacious and the bed is comfortable. However, the room and the hotel corridor have weird smell. It must be the carpet smell. The room has an old-looking room and most things in the room are payable (you only get the toiletries and 2 bottles of water)..In conclusion, very terrible experience staying in this hotel. I would not spend a single dollar to this hotel in future.",제주특별자치도 제주시 탑동로 47
1700001,"There are 3 memorial towers, one of Kim Man Duk, civil uprising volunteers, and one of patriot at the end of Joseon dynasty. There is Kim Man Duk's grave stone, original one which moved here because of road construction in its original place. This is located in Sara-bong(hill) park. It is very low hi,, but you can enjoy beautiful sunrise on the top of hill. Even day time, I could enjoy nice view toward Jeju international port. I recommend walk around the hill first then visit Mochungsa afterwards, The Sarabong walk path is part of Olle #18. There are many locals who work out here. You can feel like a local!",제주 제주시 사라봉길 75
1710001,"Was wanting to catch sunset in Jeju, and it seems all will require some climbing. My family was tired, and hence chose this place instead.Not too bad for being lazy to climb. You will need to go to the far end near the hotel. The road alongside was quiet and very light traffic, so you can park there temporarily to view the sunset.",제주 제주시 탑동로 41
1720001,"On a family trip, my fiance and I had one day to ourselves and we ended up here for a couple hours. We love being near water, so this was an easy choice for us. The natural pools were so clear and beautiful, even though it was November and cold we went into the water and enjoyed freezing our butts off from the water and wind. Still such a fun and unique experience we'll never forget. Because we came in November there were only a handful of people that came and went. We definitely recommend checking this place out for a hour or so. I imagine it can get pretty busy during the summer time but youd get to enjoy the water much more. Even in the cold weather it's worth just checking out if you're around the area.",제주 서귀포시 서홍동  766-1
1720002,"This place seems to be a lowkey secret place for the local. I went there early autumn so  maybe that's why it's so surreal and empty and looks like I had the whole ""pools"" for myself. Water's still not cold yet and don't forget to bring mask to see so many tiny fishes down under. Mother-nature created 3-4 ""pools"" and amazingly, it happened to be different depth levels too so to make sure it safe, you can let your kids swim in the most shallow one, just be careful of the sharp rocks (hey it's all natural). Great view with the ocean and beautiful color on a sunny day!",제주 서귀포시 서홍동 766-1
1720003,"Fresh and cool air,  sea water not polluted and the hill is very greenly. Natural scenario not damage by public",제주 서귀포시 서홍동  766-2
1720004,I would say one of the most beautiful view you can get in Jeju island is here.. during winter nothing much can be done. But on summer people can swim here. Worth your time and money.,제주 서귀포시 서홍동 766-2
1720005,You want free entrance? Then go to this place and plunge into warm sea water in a cold weather.You will love the view and be amazed how the nature formed these rocks.The place is not so crowded by the time I visited this place.Going solo into this place. I met a kind Ajussi who lives in Jeju. He guided me to reach the top of the rock formation. He always come to this place to see dolphins and observe sunset.,제주 서귀포시 서홍동  766-3
1720006,"I enjoyed snorkeling at the place. Inside the water is not that colorful as some famous snorkeling spot around the world, but you will see very attractive black rocks and ecosystems only seen at Jeju Island. Also there is a nice trail following the coast with great view. Though you are not going to swim, it is still good to visit.",제주 서귀포시 서홍동 766-3
1720007,"As we stayed in Seogwipo, we followed Jeju Olle Route 6 from Chilshimni Poetry Park (to see the Cheonjiyeon Falls from the top) to Oedolgae and happened to see this Hwangwooji coast (probably part of olle route 6) which was my favourite spot of the day. You will walk along Namseong-ro road and passed by 외돌개나라 Hostel (the hostel name is in Korean as I cannot find the English name online). I love the place bcos it was like a private pool and it is free. There were only a few Korean that day, playing, swimming and hunting of sea creatures in the private pool. It also has a good view of the Saeyeongyo Bridge from a far.  After-which we head to Oedolgae.You can walk there and you do not need a car. Probably a 15 minutes walk from the main road (Namseongjung-ro road where Poong Gyung Hotel or Park sunshine hotel jeju is) and walk in to Namseong-ro road where  외돌개나라 Hostel is.",제주 서귀포시 서홍동  766-4
1720008,"Free admission to coastal path overlooking Saeseom Island Saeyeongyo Bridge Walk at the other end of Oedolgae Rock. Real hidden gem, much quieter than the main Oedolgae.  A flight of steep stairs leads down to the emerald green rock pools. Saw a haenyo diving for ocean catch in the open sea. Be warned of swimming at your own peril at  the rock pools as lifeguards are not on duty.  The boardwalk trail leads to more breathtaking scenery of the vast ocean and rocks, lined by pine trees. Look for the plaque honouring the valour of Seogwipo Police and South Korean military who valiantly battled against a North Korean incursion in 1968. Makes a wonderful picnic spot, so do pack your basket of food. Note: Korean GPS 7328027",제주 서귀포시 서홍동 766-4
1720009,I love open-water swimming and just plain jumping off rocks. This spot is ideal for both and is also a good way of interacting with locals. you don't even need to speak Korean to get along with folks here!,제주 서귀포시 서홍동  766-5
1720010,"Hidden place. Even local people don't know much about it.this place has great, dramatic view and some time you can go over rocky small islet. it's really enjoyable experience!!.",제주 서귀포시 서홍동 766-5
1730001,추석때 방문했습니다 절물 휴양림을 갔다가 비가 와서 포기하다가 가는길에 들렸던것입니다안개가 자욱하니 멋졌어요 주차장도 넓고 조용하게 말을 보면서 20-30분 정도 구경하기 좋아요,제주 제주시 516로 2480
1740001,"A rainy day or just a regular indoor activity, very interesting and informal on things you would never think to believe.",제주특별자치도 서귀포시 중문관광로110번길 32
1740002,I was hoping to see more exhibits in here. I have been to a couple and this one wasn’t as intriguing. No theatre in this one. No professional photos here either.,제주특별자치도 서귀포시 중문관광로110번길 32
1740003,Very informative but ofcourse the internet can tell us about those things. There are some display that scared me as im all alone when i visited the place. Overall i find it entertaining.,제주특별자치도 서귀포시 중문관광로110번길 32
1740004,One of the many unusual museums on Jeju island. Same format and content as the american ones - but worth the trip nonetheless. Lots of great photo ops.,제주특별자치도 서귀포시 중문관광로110번길 32
1740005,"We weren't planning on visiting this attraction, however wet and windy weather meant that our outdoor plans had to be postponed.Our children really enjoyed the exhibits and we found it interesting too. I would have rated it higher but the front door staff were so rude and unfriendly, it left a bad impression.",제주특별자치도 서귀포시 중문관광로110번길 32
1740006,"I am sorry to say it but it was a boring place to visit. It would be interesting if we didn't have internet to get to know the world. By the way, my 8 year-old son was scared on the second floor to see all the torture instruments.",제주특별자치도 서귀포시 중문관광로110번길 32
1740007,We went there in 2017 and spent several hours going through the facility. It was one of the highlights of the trip. I strongly recommend it for families and even couples. It provides some lighter entertainment which is good for all age groups. Price is nominal.,제주특별자치도 서귀포시 중문관광로110번길 32
1740008,"Had read and heard about Ripley's Believe it or not before but this was our first time visiting.There were a lot of interesting and somewhat interactive exihbits on display. I didn't think these were the real thing though, but rather they were replicas. You could learn a lot of new facts here. One can tell that Mr Ripley really had a talent and knack for discovering and collecting quirky stuff.One thing to note is that some of the exibhits involved morbid subjects such as cannibalism, death and torture, etc. So might not be too suitable for little children.",제주특별자치도 서귀포시 중문관광로110번길 32
1740009,"The kids enjoyed this place, lots for them to see and do.  Although, for smaller children some exhibits are a bit gruesome and scary. The shrunken heads were a fascination for them.",제주특별자치도 서귀포시 중문관광로110번길 32
1740010,My daughter enjoyed reading and seeing unusual and interesting facts. We had a good time at the museum.,제주특별자치도 서귀포시 중문관광로110번길 32
1740011,When I was a kid I would see Ripley's Believe it or Not on TV.  This is a great collection of bizarre everything from Elvis's hair to antique torture tools.  Our family had a great time there.  Bonus that there is a Starbucks next door.,제주특별자치도 서귀포시 중문관광로110번길 32
1740012,Just like the Ripley's in the states. Mostly framed pictures. Very average. Descriptions were mostly accurate but not always.,제주특별자치도 서귀포시 중문관광로110번길 32
1740013,"Decent trip for the price. A little outdated as the show hasn't air in years, but for something to do with our spending a lot this is a good place to go. For those with little ones the electric chair showcase may be a little scary. I had seen multiple children cry going past it.",제주특별자치도 서귀포시 중문관광로110번길 32
1740014,"I used to love watching Ripley's believe it or not when i was a kid, l love the history behind the strange things that are happening around us, and the show gave us a bit of it. So, finding that in Jeju brings back that curiosity of the kid in me. This place is perfect for those who are into weird and quirky historical stuff. Great for passing the time. It was even better than other theme parks i've been to =) Objective opinion though. ^^",제주특별자치도 서귀포시 중문관광로110번길 32
1740015,We passed a couple of hours here enjoyably.  It's a museum-lite type of experience. Very close to a few cafes/convenience stores and other attractions in the area.,제주특별자치도 서귀포시 중문관광로110번길 32
1740016,"Not bad, interesting, but didn't really stayed for longer than necessary. It took us around and hour or less, I think.",제주특별자치도 서귀포시 중문관광로110번길 32
1740017,"Located in the Jungmun Resort in Jeju, near some restaurants there. The palce is quite large, consisting of 12 galleries. They showed interesting exhibits collected by Ripley at reasonable price (10k won per person). Worth visiting if you want to have some indoor activity in Jeju.",제주특별자치도 서귀포시 중문관광로110번길 32
1740018,There are so much to see in this museum. The whole day is enough to spend here if you want to read and appreciate all the displays. Good collections. I learned a lot from this museum. I regret doing four museum tours in one day for we had to rush this one. I would love to go back here.,제주특별자치도 서귀포시 중문관광로110번길 32
1740019,Must visit if you are traveling with kids. It's in the southern part of Jeju. Site is interesting and educational. Taxi fare from main city is around 35KRW one way. There also other interesting sites around the place.,제주특별자치도 서귀포시 중문관광로110번길 32
1740020,"I went there with my wife and two kids and my kids absoulutely loved it there were hologram machines, many many interesting facts, and really cool exhibits and models, but some models are a bit offensive. But the musuem it self's look is great for photos and overall it is a very nice attraction.",제주특별자치도 서귀포시 중문관광로110번길 32
1740021,Before I went there I expected there were many interesting exhibition for me to explore. Unfortunately there were nothing really surprise me.,제주특별자치도 서귀포시 중문관광로110번길 32
1740022,"This was fun to check out. If you have time to pass, then I would recommend this place. Especially if you have kids, they'll love it here. Lots to read and lots to see.",제주특별자치도 서귀포시 중문관광로110번길 32
1740023,the shrunken head was quite interesting to see. there were a lot of cool things from around the world. groups of 20 or more get a discount... only complaint is that their map on the wall with all the ripley's locations is wrong.,제주특별자치도 서귀포시 중문관광로110번길 32
1740024,"If this place was in Europe I am sure the entrance fee would be double or triple, and it would have a giant shop at the end. This place is full of hard to believe facts, artsy stuff and little experiments. To be honest, I would really like to see a little shop at the and, so that I could send a postcard or add a pencil to my collection if not buying a few sciencey gifts. Definitely spare some time for this place, you will enjoy!",제주특별자치도 서귀포시 중문관광로110번길 32
1740025,"A lot on information of people that lived long ago and creatures.Price is cheap 10,000Not wow for me.",제주특별자치도 서귀포시 중문관광로110번길 32
1740026,"If u expect very exciting, not really! But it's good to have a walk in a rainy day until it stops raining! Overall it's fine!",제주특별자치도 서귀포시 중문관광로110번길 32
1740027,"I crossed the Believe it or not museum many times, in New york, in Baltimore.. but never stepped in.Finally I tried the one in Jeju island and I really liked it. It is certainly similar to the others, but if you never visited one... who cares?I imagined it small but it took me 2 hours to do everything. I mean... read all, not just give a look and say : oh.. ok!It costs 10usd per person. Expensive or not depends of you.If you are curious and love to travel and discover... it is nice place.",제주특별자치도 서귀포시 중문관광로110번길 32
1740028,If you like silly things and interesting historical facts check out the museum. It was worth the visit for me as I enjoyed myself quite a bit. There were also some sections for modern history and more tech-based stuff for my partner!,제주특별자치도 서귀포시 중문관광로110번길 32
1740029,"C1 ( 2016.07.13 ) The museum's theme was various and unique. Maybe there was like ""Guinness Book"". The exhibits was good and arouse my interest, but the price was higher than I think. There was good place to spend killing time and need to increase contents.",제주특별자치도 서귀포시 중문관광로110번길 32
1740030,"the museum is ok, but not what is in there you can find it elsewhere in the world, nothing amazing making worth the journey.",제주특별자치도 서귀포시 중문관광로110번길 32
1750001,Saw this impressive bridge from my hotel window and was really curious to check it out as it has strong resemblance to the Dubai icon the Burj-Al-Arab. The ocean views are amazing and bridge leads to a beautiful small island. Must visit place if you are taking the trip on the Seogwipo Submarine which is right next door.,제주특별자치도 서귀포시 서홍동 707-4
1750002,We made a wrong turn and found this place by chance.  Amazing view. The bridge connects you to bird Birds Island. It's 1.2km walking path. Best to visit before the Sunset and you will be blown away with the views around this area. A good place to stroll and relax.,제주특별자치도 서귀포시 서홍동 707-4
1750003,NIce  walk across the bridge facing the sea on one side and port on the other .Bridge connects Seogwipo Port to Birds Island and its design is inspired from the Jeju traditional log boat- Tewu,제주특별자치도 서귀포시 서홍동 707-4
1750004,"The bridge is in vicinity of my guesthouse and also the Cheonjiyeon waterfall that we visited before the quick stop. It was around sunset when we arrived there. There are free parking onsite. The bridge itself is just average, but it was a nice stroll to Saeseom Island.",제주특별자치도 서귀포시 서홍동 707-4
1750005,"Short walk to cross the bridge while having a good time to enjoy the scenery. Nice to take a good shot. One facing the ocean and open sea, while the other side facing the sea with the city as the background.",제주특별자치도 서귀포시 서홍동 707-4
1750006,This bridge connects Seogwipo Port to Birds Island and its design is inspired from the Jeju traditional log boat- Tewu.The best time to view this bridge is in the night. One can walk around the bridge and enjoy the scenery during the day and early evening.,제주특별자치도 서귀포시 서홍동 707-4
1750007,"A great view for sunset and at night, you can see the lights being light up at the Bridge with difference colors. Mainly place for you to take pic =)",제주특별자치도 서귀포시 서홍동 707-4
1750008,Well maintained. Excellent view. Get a coffee and take a stroll. On a windy day it can be very cold there.,제주특별자치도 서귀포시 서홍동 707-4
1750009,"Walked to the bridge as it was near my hotel (M stay hotel seogwipo). It's a nice bridge and you can walk across it to saeyong island, where you can have a short hike around the island. Nice views during the hike where you can see the ocean and three different islands. It's also near Cheonjiyeon waterfall.",제주특별자치도 서귀포시 서홍동 707-4
1750010,We walked from our hotel located at the Arang Joeul Street to the Saeyeongyo bridge for almost 30 minutes. There were many locals visited and walking leisurely there. There many restaurants and the Seogwipo Submarine was located on the way there. You can see the beautiful ocean wave along the way to the bridge. The bridge connected to the Saesom island. The island was brighted by light and old korean song music at night. We visited the bridge twice in the evening to see the colourful light and daytime to observe the surrounding scenery. The trail to Cheonjiyeon waterfall can be found  on the way to the Saesom bridge. The entrance to the waterfall was after Chilsimnigyo bridge.,제주특별자치도 서귀포시 서홍동 707-4
1750011,"The island was teeming with dragonflies and it felt like something out of a Disney film. At any rate, if you are in the area visiting the nearby waterfall, or going on a boat or submarine trip, it is a lovely walk with spectacular views all round.I wouldn't suggest going here specifically, but if you are nearby..... it's worth a look.",제주특별자치도 서귀포시 서홍동 707-4
1750012,Looks like the Burj khalifa of Dubai but its just much smaller and in fact not a hotel but a bridge. Going across the bridge you will be on a small island to walk which will take around 45 min. Great for a scenic walk close to the city. You will also have a good view to the sea and of the diving women of Jeju.,제주특별자치도 서귀포시 서홍동 707-4
1750013,"This is a great spot to take photos and there isn't much crowd there. When you walk up the bridge, it leads to a small trail around the island that it is connected with. Take a short walk around the island. There is a well paved pathway for you to walk on.",제주특별자치도 서귀포시 서홍동 707-4
1750014,"This is a really beautiful pedestrian bridge to get to a small island for hiking trails.   There are a number of spots for getting great pictures of this bridge along the coast,",제주특별자치도 서귀포시 서홍동 707-4
1750015,"This pedestrian bridge leads you to a small island where you can take a walk for around 30 minutes. There is not much to see on the island itself but I will say the view is quite nice. I visited around sunset time but it was a bit gloomy that day so we didn't get to see a nice sunset. There were many mosquitoes when we walked around so beware when you visit during Summer. Otherwise, this is a nice place to spend your time.",제주특별자치도 서귀포시 서홍동 707-4
1750016,This is the place to see sunset.  There is also an easy hiking trail nearby which can be covered in less than 30 min,제주특별자치도 서귀포시 서홍동 707-4
1750017,My 10 yo old daughter and I went to the falls nearby and stopped by here and took some pics. Can definitely get some great photos here. Must see!,제주특별자치도 서귀포시 서홍동 707-4
1750018,"A nice evening walk at sunset.There were many locals lying down on the benches, playing loud music.  Although it lacked tranquility, we found it interesting to observe local customs.",제주특별자치도 서귀포시 서홍동 707-4
1750019,We went to this after our Seopwipo Submarine tour.  Very relaxing to walk especially early in the morning or at night.,제주특별자치도 서귀포시 서홍동 707-4
1750020,This was our last stop in Jeju. We arrived right after sunset and were able to walk around the island and enjoy the beautiful nature area and then walk back over the bridge while it was lit up. Good activity for young children to just get out and run. Best of all it was free! There is also a free public restroom in the parking lot.,제주특별자치도 서귀포시 서홍동 707-4
1750021,"You can have a relaxed stroll over the bridge and on the route around the Bird Island.  Nothing spectacular, but see the coastine and three island out of the city.",제주특별자치도 서귀포시 서홍동 707-4
1750022,"The strong wind will surely blow your mind to imagination. As an avid fan of K-drama, I was fascinated by the location and the scenery that  will make a great backdrop to make a movie. It has a great view overlooking the sea and another island near to it.It was Autumn season in South Korea when I visited Jeju Island. If you are going solo, there is a public bus accessible to this place.",제주특별자치도 서귀포시 서홍동 707-4
1750023,"We walked over the bridge, it was very windy and we could feel the bridge moving a little which was quite scary but was really nice to get some air. The island was really peaceful and was a lovely walk around. Unfortunatly there was two children with their dad shouting all the way round, we could hear them from the other side of the island so we sat on a bench for a while to wait for them to leave. We went before sunset and saw the sun set, just be careful of mosquitoes at this time as we got bit loads while on the island.",제주특별자치도 서귀포시 서홍동 707-4
1750024,Nice walk across it and seeing the island plus cliff wall and the fishing harbour bay. After the bridge a serenity walk with beauty scenery walk. Use proper shoe for the walk. The bridge also light up at night with colors.,제주특별자치도 서귀포시 서홍동 707-4
1750025,"This bridge connects Jeju Island with the islet of Saeseom and resembles an anchored taewoo, a traditional fishing boat of Jeju coming home with a boatful of fish and its wide net streatched.  The name Saeyeongyo means creation of new connections, as it connects uninhabited Saeseom with Jeju.  Come back when it is dark and see the amazing LED light display on the guardrail of the bridge.",제주특별자치도 서귀포시 서홍동 707-4
1750026,"We stayed at a hotel along Jungang-ro road, that was near the Seogwipo Maeil Olle Market. From our hotel, it was a 10minutes walk to Geolmae Eco Park. The park led us along Seohong-ro road to Taepyeong-to road (where we passed by Hotel Yeon) where we were able to see the Saeyeong Bridge. After the bridge was in sight, we followed our instinct to the Bridge. There was an ice-cream stall that serve grape soft-serve that was delicious. We made our way onto the bridge to view the pristine bluish-green coastline. After the bridge, there was a short 20 minutes trail that brought you to a rocky coastline where you can view two lighthouses (red and white). You could walk to the white lighthouse on the rocks but at your own risk. There were many locals fishing along the rocky areas too. In short, the trail along the Saeyeongyo Bridge was fairly easy yet scenic enough. We were there on the 22nd of April and the weather was about 15 degree celcius in the day. A light jacket with windbreak will be sufficient. Afterwhich we headed to Chilshimni Poetry Park (which you can view Cheonjiyeon Falls for free) as there was a stairway along the left side of main exit road (where all the tour buses parked, pedestrian walkway path with brown wood). The stairway seemed to indicate going up the the temple. However, we landed in Chilshimni Poetry Park. We took pictures of the waterfall and left Chilshimni Poetry Park to follow the orange/blue Jeju Olle ribbon to Hwangwooji coast and Oedolgae. The orange/blue Jeju Olle ribbon were along the park main road (where Park Sunshine hotel was). You do not need to rent a car. All these could be done by foot. We clocked about 25k steps walking around for that day.",제주특별자치도 서귀포시 서홍동 707-4
1750027,"Good for a walk as it is easy walking with limited stairs and if the weather is good, the peace surrounding the ocean views is rewarding. Can be very busy with tourists and if the weather is windy or wet, then find another place to visit. Some small markets  around the area to visit.",제주특별자치도 서귀포시 서홍동 707-4
1750028,"Good sight seeing place and jungle trekking. Wear sport shoes for easy walking if you plan to walk ""round the sea"". Weather was just nice for walking in April. Crossing the bridge and standing there watching the big sea was feeling awesome.",제주특별자치도 서귀포시 서홍동 707-4
1750029,"If you go to Seogwipo, you see this bridge a lot on their pamplets and promo stuff.  In the daytime, it is overrun by tourists and loads of them.  At night, the bridge lits up, there is less people and it's quite spooky hiking around the small little island on the other side of the bridge :).  I recommend going at night :)",제주특별자치도 서귀포시 서홍동 707-4
1750030,"a casual stroll was good no stairs and neat views ,  a bit windy but okay was pleased we visited here",제주특별자치도 서귀포시 서홍동 707-4
1750031,"Well, there has been near our place in Jeju and in our schedule. We could go by walk and bought Citrus fruit in the street, specialties of Island. The bridge leads to the road around the mountain. Can proceed to visit",제주특별자치도 서귀포시 서홍동 707-4
1750032,Drove by this bridge in jeju which has a sail shape like on a sail boat.  Actually fitting since it is over a small Marina.  We were on a day tour of jeju in November 2016 on the way to some waterfalls when we passed this bridge.,제주특별자치도 서귀포시 서홍동 707-4
1750033,"It's a nice place for a stroll, especially in the late afternoon or early evening, that's when the bridge will be lighted up. The bridge leads to Saeseum island where you can walk around it and enjoy the scenery",제주특별자치도 서귀포시 서홍동 707-4
1750034,Went there since it was near the waterfall. The bridge is quite nicely lighted up during the night. We were there for 10 mins. Nothing much just the bridge during the winter night.,제주특별자치도 서귀포시 서홍동 707-4
1750035,"Probably not worth going there just to do this, but if you are going to the nearby falls or the submarine, then definitely make time to do this too. It is a pleasant, easy walk.",제주특별자치도 서귀포시 서홍동 707-4
1750036,"An easy-to-reach attraction that provides not only a fantastic view of the city and port, but also leads you to the island which is worth the walk in of itself.",제주특별자치도 서귀포시 서홍동 707-4
1750037,Nothing very spectacular about the place. But we came to experience submarine with our daughter and it was an enjoyable experience.,제주특별자치도 서귀포시 서홍동 707-4
1750038,"The principal purpose of the bridge is to provide a walkway to Saeseom Island. The area close by is great for photography - clean water, interesting rock formations, local flora etc. The circuit of the island is also very pleasant, particularly in good weather.",제주특별자치도 서귀포시 서홍동 707-4
1750039,"After seeing the waterfall, my family of four took a nice stroll down to the bridge.  The view in the evening is wonderful.  The bridge is also lit up nicely at night!  Of note, one can get tickets for the submarine or boat rides at this same location.",제주특별자치도 서귀포시 서홍동 707-4
1750040,What a beautiful place! This bridge looks like it is hanging in the air. A short loop around the island offer a lot of bird sightseeing. You can also see female divers at work right next to the bridge.,제주특별자치도 서귀포시 서홍동 707-4
1750041,"We were there waiting for the submarine tour and decided to walk over the bridge to kill time, it's actually quite a plesant one with nice view to surrounding area. I think it might be worth a visit if you happened to be around there.",제주특별자치도 서귀포시 서홍동 707-4
1750042,"This bridge in Seogwipo harbour goes across to a small island which takes about 20 minutes to walk around.  It is a nice place to go at sunset, there are nice views and many birds in the trees.  Also nearby are the Cheoniyeon waterfalls, and a few shops and cafes.",제주특별자치도 서귀포시 서홍동 707-4
1750043,"The bridge is beautiful to look at, and provides a nice walk to an island that provides more opportunity to stroll near the water.  Big tourist attraction, and if you prefer staying away from the crowds, you may not enjoy this.  Great picture taking venue, and it doesn't cost anything, except a little workout for your feet and legs.",제주특별자치도 서귀포시 서홍동 707-4
1750044,"The bridge itself is a landmark of Seogwipo, which leads to a small island that offers a short 20-25 mins walk. Not the most exotic part of the city, but nice indeed. My favourite place here however are rocks on the edge of the island, which is off the track, but if you are careful while walking out to the rocks (they are pretty flat and not dangerous at all), it is the best place to relax and enjoy the sea and view.",제주특별자치도 서귀포시 서홍동 707-4
1750045,The view is not bad and you can see many small fishing boat parking there. But really not particularly impressive so I think it can be skipped if run out of time,제주특별자치도 서귀포시 서홍동 707-4
1750046,The Saeyeongyo Bridge is a great landmark here in Seogwipo and looks amazing. The bridge looks most spectacular in the evening when it is lit up in various different colours. This is definitely worth viewing.,제주특별자치도 서귀포시 서홍동 707-4
1750047,"I'd recommend you to go at night since it is much nicer with variety of lights.Also, you can walk around tiny island and it takes about 20 min or less.",제주특별자치도 서귀포시 서홍동 707-4
1750048,"It's a nice bridge, and takes you across to the little island on the other side. Not really a lot to see apart from passing through the quaint port and adjacent coastline. Would suit you if you just wanted to go out for a relaxing walk along a peaceful area.",제주특별자치도 서귀포시 서홍동 707-4
1750049,"Footbridge is of interesting architecture and good photo opp, walk across to the small island and trek around it (about 30 min) to see the sceneries around.",제주특별자치도 서귀포시 서홍동 707-4
1750050,"I mean, its a decent bridge if you've got time to kill and want a good view, but I wouldn't go out of your way to see it.",제주특별자치도 서귀포시 서홍동 707-4
1750051,"Our family really enjoyed this walk.  It was nice to see the lighthouse and islands around this area.  And when we were there, the brushes were full of beautiful spiders and webs.  Of course, they were far enough away to not bother you.  It was really cool to see.",제주특별자치도 서귀포시 서홍동 707-4
1750052,A good place with nice view of the bridge and open sea. No entrance fees is required and is accessible via public transport and some walking is needed. Restaurants are available within the bridge area and other attractions such as submarine is located just right before the entrance into Saeyeongyo Bridge.,제주특별자치도 서귀포시 서홍동 707-4
1750053,We visited on a particularly beautiful day and took a nice walk to and on the bridge.  There are tours available from the nearby pier and the overall views are wonderful.,제주특별자치도 서귀포시 서홍동 707-4
1750054,This is yet another bridge among the several others you will happen to see in Jejudo. It is not worth a special visit unless you go with the intention of hiking around the island that this bridge connects to the mainland. The Seogwipo Submarine tour starts from the dock located very close to this bridge. So you can easily explore this bridge and the surrounding area if you come for the submarine tour.,제주특별자치도 서귀포시 서홍동 707-4
1750055,The cab driver brought us to this place. This bridge was near to the harbour.Nice place to walk along the bridge where you can enjoy the surrounding. It was very windy where you able the enjoy the breeze. Indeed just a normal bridge but with nice surrounding.,제주특별자치도 서귀포시 서홍동 707-4
1750056,"Nothing spectacular, but I would recommend watching the sunset from the bridge if you just so happen to be in the area. It is also a short bike ride away from Cheonjiyeon Falls which is a nice site to visit during the evening.",제주특별자치도 서귀포시 서홍동 707-4
1750057,We came to seogwipo to see the falls and have BBQ. The bridge was close to the parking lot for one of the falls and it is worth a stop to admire views although don't put your hopes up since it is just ok.,제주특별자치도 서귀포시 서홍동 707-4
1750058,This is just another bridge and I wouldn't drive especially to see it but if your visiting the nearby waterfall you should also check this out. It has a lovely view and looks great at night,제주특별자치도 서귀포시 서홍동 707-4
1750059,"its just a bridge but over the other side is a nice little island you can go for a walk around,very touristy area.",제주특별자치도 서귀포시 서홍동 707-4
1750060,"Just a normal bridge like many others,it's kind of relaxing with a seaview..as it has no entrance fee, it's no harm to come to this place since it is near to where I was staying.",제주특별자치도 서귀포시 서홍동 707-4
1750061,"This is a weak but personal reason to visit this bridge, that is to say, it featured in the first Korean Drama series I ever watched. To put it in a nutshell, the guy followed the girl all the way to Jeju-do in order to convince her he was the one for her. The bridge scene featured just after they landed on the island, so it was just nice to see it in person as part of our stay here. There's not much more to say - I guess other people would have other reasons to visit. As a bonus we spotted women divers going out in their gear so that was some cultural aspect to the visit.",제주특별자치도 서귀포시 서홍동 707-4
1750062,"When I saw the bridge from the area of the waterfall the pylon looked as if I would know it. The bridge brings you from the harbor to an island with birds. If you walk around 800 m you get to the end of the island, but not where it really ends. If you manage to walk over artificial rocks for another 200 m, you are at the entrance of the port where Koreans like to fish. If you dislike walking over such rocks, a boat serving fisherman will collect you, and you have the opportunity to take beautiful photos of the bridge.If you wish to take good photos, go there in the morning.",제주특별자치도 서귀포시 서홍동 707-4
1760001,"It's a large building but light on exhibits, or maybe it just seems that way with so much open space. Several historical and current type aircraft, mostly military, and several interactive exhibits for kids. Nice digital movies and a flight simulator section for kids and adults!",제주 서귀포시 안덕면 녹차분재로 218 제주항공우주박물관
1760002,"Not so good experience. Reached this travel spot around 330pm and the museum close at 6pm. We struggled if want to purchase the entrance ticket as we reached here quite late. At the end we decided to enter as my son at 4 yo wanted to experience the G Force Plane and we went to the tourist information counter just beside the ticket booth to enquire the last admission. She explained that last trip for the G Force is 430pm and we asked we are bringing our baby along is it okay? She said no problem but limited to 12 persons per trip. We hurried purchase the ticket and when reached there, the person in charge said at least 7 yo to experience the G Force. My son very upset but fine we accepted this fact. Then we went to each theatre and asked if we can join their exhibition hall. All rejected us as they said minimum age to enter is 7yo except for the 5D cinema at any age. I feel disappointed that the information counter never mentioned about the age limit. In fact prior to this JAM, my husband and I did some research at their official website and their website silent on the age limit for these exhibition hall. This museum had a lot of things to see but a lot of the experiences not suitable for us due to the age limitation. I feel disappointed with the information counter with limited knowledge of their facilities and their website. If I have known that I visited this place but my son can’t do anything here he will be super upset, I will not choose this in part of my travel plan. Anyway, the museum had a good food place and there have some history about air plane beside aerospace.",제주 서귀포시 안덕면 녹차분재로 218 제주항공우주박물관
1760003,The museum is big enough but boring. They should have more interesting stuffs. Especially more aircrafts.,제주 서귀포시 안덕면 녹차분재로 218 제주항공우주박물관
1760004,"We visited the JAM (Jeju Aerospace Museum) and it was stunning, I love anything connected with planes or space so I was in heaven, the displays are well laid out and there were so many interactive displays for kids too that it shows that there was much thought in the museum.Not only was it about aircraft, but also about Korea's history of astronomy which was so fascinating that I could have spent all afternoon in this one section, Then we went into the space exhibition and again I was stunned at how much South Korea has achieved. We always think of  USA & Russia as being at the forefront, visit the JAM to have your eyes opened.Wonderful.",제주 서귀포시 안덕면 녹차분재로 218 제주항공우주박물관
1760005,"Overall a clean, well laid-out museum at a very reasonable price at 9,000won each for adults.- Not as many exhibits as we’ve seen at the Smithsonian in DC or Naval Aviation Museum in Pensacola but still worth the visit to learn about Korea’s aviation history- Placards translated into multiple languages - Korean, English, Japanese, Chinese. - We don’t have kids but it seemed there were a large number of child friendly play and exhibit areas.- On the third floor was a go-cart type racing track and pizza cafe. It was about 30,000won a person so we didn’t try it but it looked cool.- From the 4F observatory you can see Hallasan Mt, the tea fields of O’Sulloc, and Shinwha Theme And Water Parks.We spent about an hour there in total.",제주 서귀포시 안덕면 녹차분재로 218 제주항공우주박물관
1760006,A wonderful place to take children and adults can have a good time as well. There are many shows and interactive displays for children to use. They also have crafts for children. For adults they have very informative displays as well as guided tours,제주 서귀포시 안덕면 녹차분재로 218 제주항공우주박물관
1760007,"Great for kids and students, educative. And interesting . It has some  experience programs - you can travel in space, by air, feel it like your own. Outside park contains planes and helicopters, you can sit in some of them and take photos.",제주 서귀포시 안덕면 녹차분재로 218 제주항공우주박물관
1760008,The Jeju Areospace Museum is located SSW of Jeju at road 1121. It is a huge and obvious building which you can not miss. Lot of parking places are available. Entrance fee is quite reasonable. 2 adults and one child for 28k Won. Good and accessible for stroller and wheel chair. Inside there are a so many things to see. The museum is clearly structured and you have enough room and peace. We went there in the late afternoon and only 3 tour busses were waiting outside. So the museum was quite empty which was simply perfect. Very interesting and nice to see and study was the science  room where especially Bernoulli was explained practically very well. Further you have a huge hall with plenty of planes and units/turbines. Other areas showing other planets and space ships and so on and so on. The good thing is you have plenty of room and feel not like in an anthill. Our three years old boy had so many fun and was so interested. Me too of course and even my wife was quite impressed. Outside a couple of more planes and helicopters. Some of them accessible and we had a lot of fun. There is only one minus: mostly missing English explanations. The value vs. money is worse to stop a second time.,제주 서귀포시 안덕면 녹차분재로 218 제주항공우주박물관
1760009,"C1 ( 2016.07.13 ) I visited there for watching about flight and space. There was a big size than I think, and many aircraft and exhibits about space was exhibited. There was a good place for children to enjoy about space. The museum's construction cost was tremendous, I think. The exhibits was various, but was not inconsistent, so some place was confused.",제주 서귀포시 안덕면 녹차분재로 218 제주항공우주박물관
1760010,"The museum has many airplanes on display and also an outdoor area where you can walk into the planes.   Very well done, lots of information and displays.   Hands on activities instructions are only in Korean, but easy to figure out.   A steal for the 10,000 WON entrance fee.",제주 서귀포시 안덕면 녹차분재로 218 제주항공우주박물관
1770001,"The giant Budha is amazing, and so the views of the sea and the city. The temple itself is also beautiful.",제주 서귀포시 안덕면 산방로 218-12
1770002,Worth the walk to see the cave and also get photos of the ocean from the top.   Be prepared for a few stairs to get to the top.,제주 서귀포시 안덕면 산방로 218-12
1770003,"There is no harm to walk and hike to see the view of coastline and ocean.  The temple is not grand or manificent.  It is hard to hike to the budda in the cave, but you can try.",제주 서귀포시 안덕면 산방로 218-12
1770004,as my view that was just a traditional temple. seem not too much local at here but part of trekking point on it. the cave Buddha also not special but ok to visit,제주 서귀포시 안덕면 산방로 218-12
1770005,"This was a nice walk up to the top. There's a lot of stairs, but it's not nearly as bad as I thought it was going to be. We went in Oct on a fairly sunny day (temp was probably in low-mid 20's) and you definitely want some water and sunscreen with you. I'd recommend going when it's more cloudy, if you can. There are a couple little shops along the way to the top (the first few levels of stairs, not all the way along) where you can also purchase water, and there is some tasty Jeju orange ice cream for sale too. The views are pretty, as is the temple, and it wasn't too busy when we were there in the middle of the afternoon.",제주 서귀포시 안덕면 산방로 218-12
1770006,"this is a must-see. A temple in the cave made by ancient volcano corruption. It is on the top on the hill. Great views on the sea, pieceful atmosphere. You can drink water from thespring, it is a water from the mountain and it is clean.",제주 서귀포시 안덕면 산방로 218-12
1770007,"A 'must see' place when visiting the island. Lots of small shops around the entrance, a small fee (free if you work on the island), lots of stairs (a fairly tough climb) that lead to a variety of small temples and places to check out. Views are fantastic and on a clear day even better. You can get their by local bus although there is car parking but no 'wheel' access for baby strollers or wheelchairs. The golden Buddha and the drums give you an amazing feeling sitting so high above the surrounding area. Definitely worth it.",제주 서귀포시 안덕면 산방로 218-12
1770008,"Very good place,beautifull,amazing,you won't say sorry if you come here.easy to find it,bus stop in front of temple.",제주 서귀포시 안덕면 산방로 218-12
1770009,The Sanbanggulsa Temple is located SSW of Mt. Hallasan directly at the coast. It is a very unique and colourful temple which reminds us more on the temple in Taiwan as in Korea mainland. The temple is located just below Mt. Sanbang. We had our junior with us but with older kids it is probably a nice tour on top including the temple. The view from the temple is very nice and gorgeous. Probably from top of Mt. Sanbang even better. The area is quiet and peaceful.  Except the opposite place where noisy  Korean caterwaul being played at a swing boat. The place is not reachable for stroller and wheel chair. Parking place available. Entrance fee is negligible for parking and temple access. It is definitely worth to stop and to spend some time. Religious people are probably also allowed to pray i guess. Doors are open.,제주 서귀포시 안덕면 산방로 218-12
1770010,Vigorous climb is SO worth the views and forest around you :) Feel as the Buddhists as you turn the drums and go within.,제주 서귀포시 안덕면 산방로 218-12
1770011,"C1 ( 2016.07.14 ) This temple's shape was unique and located in cave. The way to this tempe was about 15 minutes in uphill stairs and had good view. Though it was hard to temple, but after climbing there was good, and could drink mineral water. Sometimes there was no climbing because of bad weather. There was another temple at the entrance of way to this temple, that temple was good and beautiful sculpture. Good place to enjoy temple and view.",제주 서귀포시 안덕면 산방로 218-12
1770012,"The temple complex is structurally interesting because it is spread out on the foot of the mountain. It's not actually very big and not of the structures are magnificient compared to other temples elsewhere, but very nice overall. But the view is really amazing. Look South and you'll see green slopes going down to the sea, look the other way and you'll see behind the temple rocky mountains that almost look like a cliff. This place captures perfectly the contrast between the sea and the mountain, and is very relaxing.",제주 서귀포시 안덕면 산방로 218-12
1770013,"Not just a temple, but amazing views of the coast and water. The temples are free to enter and offer an amazing experience. A must see if in this area. Plenty of drinks, food, views and restrooms. Only con is the steps are not very friendly. We have a 3, 7 and 8 year old. 3 year old needed carried.",제주 서귀포시 안덕면 산방로 218-12
1770014,"If there is nothing else you do go see this temple. It is a sprawling complex that goes all up to the base of the mountain. Along the way if you do hike all the way up to the top, there are signs to explain the legends behind the names of the places you walk and why there is a temple there. But even if you don't it is still an sight to see",제주 서귀포시 안덕면 산방로 218-12
1770015,Me and my friends really enjoyed our time around the Sanbanggulsa temple and really enjoyed the serenity and tranquillity it provided. The location within the mountain itself is breath taking and it really does give this temple a unique look compared to other temples. The stream that runs down into the cave is incredible and this place allows you to connect with your spiritual side.,제주 서귀포시 안덕면 산방로 218-12
1770016,"It didn't take as long as we expected to get around the temple, but what was there was beautiful. The big bell was impressive, as was the actual,temple itself, but you shouldn't need more than 30-45 mins to see most of it. Worth seeing though.",제주 서귀포시 안덕면 산방로 218-12
1770017,Nice peaceful place to visit. Came across this place while heading to Yeogmeori coast. Can be accessed from the same parking lot to the coast. If you're driving a rented car you can key in 7942940. Recommend to drive if you are touring jeju.,제주 서귀포시 안덕면 산방로 218-12
1770018,"There are statues of the Future Buddha, Maitreya; Bodhisattva of Compassion,  an outdoor huge Golden statue of Buddha, hundreds of miniature green Buddhas.  If you climb up the 471 steps, you will reach a cave with a statue of the Bodhisattva of Compassion. The tears that she constantly cries for all the pain of this ""ocean of suffering"" world collects in pools up the stairs below the altar.  Visitors drink it and make prayers before it. If you drink 3 sips of the water, you will enjoy longevity in good health. Great temple to visit.",제주 서귀포시 안덕면 산방로 218-12
1770019,"A beautiful temple for Buddhists to pay their respects. In addition, the view of Sanbangsan mountain is breathtaking from this area.",제주 서귀포시 안덕면 산방로 218-12
1770020,"The temple is at the foot of the Sambang mountain, where you have a choice to scale 400 steps to the mid point of the mountain to see another goddess statue there. A good 30 mins climb up and down at a casual pace with photo opportunities of the scenery.",제주 서귀포시 안덕면 산방로 218-12
1770021,"A visit to Sanbanggulsa Temple was part of one of my favourite day trips in Jeju. It is about an hour west of Seogwipo-si by bus and across the street (albeit a bit of a hike) from Yongmeori Coast which I very highly recommend. Getting to the temple requires a short and easy climb up some stairs where there is a huge golden Buddha, an army of miniature mint-green budhhas, and a gorgeous panoramic view of the ocean and village below. A little further up is another fascinating statue of Buddha in a cave. Overall, this is a nice place to visit and a great opportunity for photography.",제주 서귀포시 안덕면 산방로 218-12
1770022,"This is one of my favorite places in Jeju.  Walking up the steps to the temple you experience one enlightenment after the next.  The temple and the grounds are in immaculate condition, and clearly there is a lot of love and respect which goes into every section.  This is a wonderful hour or two to spend as you are wandering around the island - take your time, don't rush it, enjoy both the temple and its attractions, and the stunning views toward the ocean and the rest of the island.  BTW, this is not an easy stroll up the hill, but not that taxing either - if you have elders, perhaps you settle for mid-way.  if you're young - do the entire journey, you'll never know when you'll be back.",제주 서귀포시 안덕면 산방로 218-12
1770023,"This temple is on the side of Sanbangsan (san means mountain). The mountain is very impressive. The scenery here is spectacular. I highly recommend buying a ticket for not just the temple but also the beach. (Keep in mind that the beach area closes at either 5:30 or 6:00pm depending on the day.)The walk up to the Buddha was nice with great views of the beach as you climbed. But bring bug spray!! I walked away from here with about 12 mosquito bites, because I forgot to put on my spray until I got to the top.After visiting the temple, leave yourself at least 45 minutes to explore the beach. It will take 10 minutes to walk down (and 15 to walk up - the uphill is always worse!). You can walk out along the coastline, and it's very cool. Important note: getting a taxi FROM here is VERY difficult. We were there near closing time, so no one was being dropped off once it was time for us to leave. Luckily for us, a Korean couple noticed our trouble and offered to call a taxi for us. Without them, we might still be there!",제주 서귀포시 안덕면 산방로 218-12
1770024,"The temples and Buddhist statues were gorgeous at the two temples at the foot of Sanbang mountain. The hike up to the grotto is a short 20 minutes, but if you head up in the summer it'll be pretty hot and sweaty, but well worth it. Great cultural trip on any day in Jeju.",제주 서귀포시 안덕면 산방로 218-12
1770025,"This is such a great place!Even if you don't have enough time, you can see a lot.There are few stages and different ""yards"" to go to.Really peacefull place if you climb few stages up.After going up you can see beautiful view of the coast as well.And the helpful thing is that they have a small shop in front of the temple (downstairs) so after climbing all mountains and the temple place you can get nice drink or ice cream. Also, they have a car parking place.",제주 서귀포시 안덕면 산방로 218-12
1770026,"We felt peacefulness in this place even if it is next to a main road. The entry fee is only 1000 won and clean facilities.From Seogwipo bus station take bus 700 for 1500 won each way.The building in the Korean style are well maintain and the climb all the way to the grotto is a good exercise. The golden Buddha sit up there under the dripping mountain. People collect the water for  believe of power, may be like Christian for Easter water..Well! Each are different, Friday for the Jews, Saturday the Muslim, Sunday the Christians, everyday for Buddhas...",제주 서귀포시 안덕면 산방로 218-12
1770027,"This temple is way up to the top of Sanbang Mountain & is quite an arduous climb although thereare stairs. Along the way, however, are some stops with breathtaking views of the sea & beyond.The temple itself is not that impressive, I was told, so I did not anymore go all the way up.Anyway, there was also a temple below with a large golden Buddha and the view from there was also nice.",제주 서귀포시 안덕면 산방로 218-12
1770028,Not the best temple but it seems like a real place and is nicely nestled in the side of a cliff with some steeps steps up to the main grotto with a modern Buddha statue in it. Small entrance fee seems worth it but do not expect too much.,제주 서귀포시 안덕면 산방로 218-12
1770029,It was quite a strenuous climb up to the shrine in the cave at the top. Although it was a very hot afternoon. The views on the way up are beautiful and you can see for miles. Lots of great photos. Places to eat and souvenirs at the bottom near the car park.,제주 서귀포시 안덕면 산방로 218-12
1770030,It is located   toward Ocean and you can also watch the Dragon head seashore which is impressive. Nice view. They also have small & exotic temple.,제주 서귀포시 안덕면 산방로 218-12
1770031,"Besides the short walk up to the Buddhist cave, there is a lovely temple and huge golden Buddha just up from the carpark. It does cost money to get in but being able to get up close to the Buddha was excellent. And there are nice views of the coast too.",제주 서귀포시 안덕면 산방로 218-12
1780001,We visited Yakcheonsa Temple on our Jeju Olle Trail Route 8. This temple looks delightful because of its architecture and beautiful surrounding scenery. The views from the second floor were amazing! We even had a chance to ring the bell and make wishes here! A recommended place for photographers to get vivid pictures. You can also experience a temple stay activity in this Buddhist temple.,제주 서귀포시 이어도로 293-28
1780002,I've seen many temples around Korea but this was one of my favorites! So spacious and with the best view. The colorful decorations were also so nice.,제주 서귀포시 이어도로 293-28
1780003,"Yakcheonsa Temple  is a famous Buddhist Temple located in Jeju, a small Korean island south of mainland Korea. It has been built in 1981 by Buddhist monk and has the largest Buddhist prayer hall . and  miniature gold Buddha statues all located on the second floor encased in glass.The main temple has Two -three floors and balconies that overlook a beautiful three-meter-tall Buddha. The view from the top floor facing the sea is awesome.",제주 서귀포시 이어도로 293-28
1780004,"We really enjoyed our visit. Great view over the ocean. The temple cave was very different. The main temple was beautiful with brilliant colors. We were told that it was built around 1970. Lots of photographic opportunities.We took the bus from Jungman (Bus 282, 202 or 32) and got off at the Jungman High School stop. We walked back towards the Stone Garden and took a right and then a left. Easy walk from the bus stop.",제주 서귀포시 이어도로 293-28
1780005,"I arrived to this temple because it was on my route between Seogwipo waterfalls. I was amazed. I thought I had seen enough temples, but this was something else. It is majestic with the palm trees and little ponds in front of it. This has been one of my favourite temples in South-Korea so far.",제주 서귀포시 이어도로 293-28
1780006,"Overlooking the sea with palm trees this temple is like no other. The surroundings are just beautiful. And the inside doesn't disappoint either. With candles lit up beautifully,  dragon heads and buddhas it satisfies any traveller while you can watch the gongs outside being hit",제주 서귀포시 이어도로 293-28
1780007,"Great place to relax and take shelter form harsh weather condition.It's very peaceful and quite beautiful, particularly on the inside. The temple is spacious and also has a little garden, with a lake and several tangerine trees.We got  there by taxi but you can also take bus 600 from Jeju International Airport (Bus Stop 1).",제주 서귀포시 이어도로 293-28
1780008,Beautiful quiet temple tucked away from the hustle of city life. expansive and breathtaking. There were prayers ongoing while we were there which were very relaxing to listen to just sitting quietly by. there's a little garden out in the front as well. Guests can arrange for a temple stay here too.,제주 서귀포시 이어도로 293-28
1780009,it's a bit off the beat but still quite a few tourists find their way but mainly by car or bus tour. Went there by bus which is still pretty easy.,제주 서귀포시 이어도로 293-28
1790001,"Marado island is small island but it has amazing view. You can see the wide field, blue sea,and Jeju-representing rocks.You can borrow a bike and look around the island riding a bike. And there is also a good restaurants. They use Jeju local specialities.",제주 서귀포시 대정읍 가파리 600
1790002,"We went to Marado Island by taking a 1 h-long ferry from Jeju Island (Daejung-Eup, Hamo ri). The ferry was nice and the could stand in either deck to enjoy the scenic view of the ocean. When you approach the island you could see the beauty of volcanic layers that forms the island and the interface of volcanic rocks and ocean was amazing. Walking is the best way to enjoy the island and you may spend nearly 3 h in the island. There are a couple of restaurants, a beautiful buddha temple, a church etc. A nice half-day trip. Highly recommended.",제주 서귀포시 대정읍 가파리 600
1790003,"We went there by ferry, it takes around 1 hour, small but really nice island, must visit if you are in Jeju, it is the southern area of south Korea, population is only 90 , no cars aloud on the island you can make the whole tour by foot in 1 hour and a lot of beautiful scenery to see so prepare camera",제주 서귀포시 대정읍 가파리 600
1790004,"Marado Island is remote, largely barren, and is ""nearly"" empty. There is a small population of island residents. There is a small oddly shaped church, a Buddhist temple, and a lighthouse. As far as buildings go, there is little of interest. The primary feature of Marado is the rugged coastline, typical of Jeju-do. Doesn't sound that appealing? Yet, I did enjoy my visit here because it is nice to see a part of Jeju that is largely unaffected by tourism, small museums, resorts, golf, or honeymooners. The ferry does not depart too frequently. Once you arrive on Marado, you really can only do one thing, walk around the entire island, which only takes 2 hours. If the weather is nice (May-August), you should be able to get some pretty pictures of the rugged coast, bright green grass, and some of the lonely buildings on the island.Some of these small island communities are such a contrast to our (foreigners) perception of Korea, that a visit in itself helps creates a more broad image of the country. A worthy experience, that I would recommend if you have plenty of time on Jeju Island.",제주 서귀포시 대정읍 가파리 600
1800001,"Lee Jung-Seob Art Gallery, like most government run museums in Korea, had a low display items to museum area ratio.  It is dedicated to Lee who spent the last few years of his life in Seogwipo after being raised in present-day North Korea and spending a significant part of his life in Japan.  In a three floor building it was just one room with about 20 pieces of artifacts.  Fortunately the few artifacts which consisted of postcards Lee sent his wife, his earlier sketches, letters to his children, and his palette donated by his wife were all interesting to check out.",제주 서귀포시 이중섭로 27-3
1800002,We visited this place and you can see the explanation of the art works while walking to this museum. Can visit for children to see =),제주 서귀포시 이중섭로 27-3
1800003,"It was a great place to learn about history but not a must visit place. You can drop by or skip, if you have like one hour extra.",제주 서귀포시 이중섭로 27-3
1800004,"It is a museum showing the history of Korea, the emotions and aesthetics of Koreans. Lee joong seop died at a young age and did not leave much work. However, the well-maintained birthplace, street and cafés and crowds around them show how this artist is popularly loved by Koreans.",제주 서귀포시 이중섭로 27-3
1800005,"If you are in the Seogwipo-city area and only a short time in Je-Ju this is a great find. A traditional house, a story of a great S. Korean artist, a nicely designed park and a street of small arty shops.",제주 서귀포시 이중섭로 27-3
1800006,"LEE Joong Seop Street is lovely and there are some art shops where you can do window shopping. Then this small street lead you to the house where Lee's family lived for certain period, in a 4.6m2 room for 4 family member. You will be stunned to see how small it is!! But they loved this place where they could hug all the time, kids, and the couple. Behind those free zone, the art museum is located. Admission is 1,500 KRW(1.10 USD, 0.80 Euro). You can request docent on the spot. Korean is always ready, for English, better to call in advance when you will visit. At the end of the street, there is small traditional market where you can get some street food and fresh fruits. Strongly recommend to visit to feel the artist' spirits who lived miserable period. He made lots of work for 6 years before he died, age of 40's. It looks like Van Gogh did lots of works during short period. Good to visit 3rd floor to enjoy the view toward south part of Ocean.",제주 서귀포시 이중섭로 27-3
1800007,"actually we yet to go inside the museum but just walk around the street of LeeJoongSeop. not bad. however, seem that not too direct related to art but flea market or street market with some handmade stuff. if finish Seogwipo Maeil Olleh Market, go here together if you like to buy something.btw, it has an old cinemas but seem already closed. we saw a band to do some rehearsal. one of artist maybe",제주 서귀포시 이중섭로 27-3
1800008,Was  a great refuge from a rainy day. Only one English sign so hard to know what it was all about. Artwork didn't appeal to me- seemed quite juvenile in style. Surrounding area is quite nice- coffee shops and stores.,제주 서귀포시 이중섭로 27-3
1800009,"I have a deep love and appreciation for the artist Lee Jung Seob. The museum itself  and the neighboring art-walk is a great tribute to the artist, but the exhibition itself does not do the artist that much justice. They have a great selection of his smaller works from the earlier periods but they do not house his bigger, dynamic paintings that he is known for. This visit would be a great place to take the family as the entrance fee is very manageable. The museum offers a closer look at the artists' context and life story rather than a display of his most prominent works. In short, a brilliant artist but not the best exhibition space/display method.",제주 서귀포시 이중섭로 27-3
1800010,"The museum is located next to a please area of town with multiple artists in various media as well as tea/coffee shops - which is how we found the location.  There is a small entrance fee (1000 Won per adult at the time).  In addition to the small, but nice collection of paintings and sculpture, there is a great view of the city and see from the 3rd floor.  If art is your thing, then definitely go.  Otherwise go only as weather or your schedule dictates.",제주 서귀포시 이중섭로 27-3
1800011,"Very talented artist and excellent works, a sad and interesting story. While the museum itself has only got a smallish collection, the park and the streets around the place is really worthwhile exploring, nice cafes and restaurants in the area too.",제주 서귀포시 이중섭로 27-3
1800012,if you are an art lover you must go here. read a bit about the artist and his life before you visit.,제주 서귀포시 이중섭로 27-3
1800013,"He has quite a collection of his paintings exhibited in this museum.  If you have an eye for such artistic talent, then you would really appreciate this exhibits.  It is sad that a person has to die before his paintings can be recognized and treasured.  It would had been nice if his talent had been recognized earlier so he didn't have to be separated from his family.",제주 서귀포시 이중섭로 27-3
1800014,"It is very interesting - the museum is right next to the house where he used to live. And there is a painting that paints the view from the museum looking down the port. it is called ""The view of the port"" I believe the city of Seogwipo has bought this painting a few years ago and placed it in this museum - this is my favorite. The painter is a genius and of course ahead of his own time. I am proud and also feel bad for his personal life, just like any other genius who had a not so happy personal life and was too far ahead of everyone else. Enjoy great paintings. I am glad the city of Seogwipo is making efforts to keep his painting in the meaningful spot, not random museums elsewhere in the world.",제주 서귀포시 이중섭로 27-3